<?xml version="1.0" encoding="UTF-8"?>
<?xml-stylesheet href="CoreNLP-to-HTML.xsl" type="text/xsl"?>
<root>
  <document>
    <sentences>
      <sentence id="1">
        <tokens>
          <token id="1">
            <word>A</word>
            <lemma>a</lemma>
            <CharacterOffsetBegin>4</CharacterOffsetBegin>
            <CharacterOffsetEnd>5</CharacterOffsetEnd>
            <POS>DT</POS>
          </token>
          <token id="2">
            <word>U.S.</word>
            <lemma>U.S.</lemma>
            <CharacterOffsetBegin>6</CharacterOffsetBegin>
            <CharacterOffsetEnd>10</CharacterOffsetEnd>
            <POS>NNP</POS>
          </token>
          <token id="3">
            <word>military</word>
            <lemma>military</lemma>
            <CharacterOffsetBegin>11</CharacterOffsetBegin>
            <CharacterOffsetEnd>19</CharacterOffsetEnd>
            <POS>JJ</POS>
          </token>
          <token id="4">
            <word>jet</word>
            <lemma>jet</lemma>
            <CharacterOffsetBegin>20</CharacterOffsetBegin>
            <CharacterOffsetEnd>23</CharacterOffsetEnd>
            <POS>NN</POS>
          </token>
          <token id="5">
            <word>crashed</word>
            <lemma>crash</lemma>
            <CharacterOffsetBegin>24</CharacterOffsetBegin>
            <CharacterOffsetEnd>31</CharacterOffsetEnd>
            <POS>VBD</POS>
          </token>
          <token id="6">
            <word>today</word>
            <lemma>today</lemma>
            <CharacterOffsetBegin>32</CharacterOffsetBegin>
            <CharacterOffsetEnd>37</CharacterOffsetEnd>
            <POS>NN</POS>
          </token>
          <token id="7">
            <word>in</word>
            <lemma>in</lemma>
            <CharacterOffsetBegin>38</CharacterOffsetBegin>
            <CharacterOffsetEnd>40</CharacterOffsetEnd>
            <POS>IN</POS>
          </token>
          <token id="8">
            <word>a</word>
            <lemma>a</lemma>
            <CharacterOffsetBegin>41</CharacterOffsetBegin>
            <CharacterOffsetEnd>42</CharacterOffsetEnd>
            <POS>DT</POS>
          </token>
          <token id="9">
            <word>remote</word>
            <lemma>remote</lemma>
            <CharacterOffsetBegin>43</CharacterOffsetBegin>
            <CharacterOffsetEnd>49</CharacterOffsetEnd>
            <POS>JJ</POS>
          </token>
          <token id="10">
            <word>,</word>
            <lemma>,</lemma>
            <CharacterOffsetBegin>49</CharacterOffsetBegin>
            <CharacterOffsetEnd>50</CharacterOffsetEnd>
            <POS>,</POS>
          </token>
          <token id="11">
            <word>forested</word>
            <lemma>forested</lemma>
            <CharacterOffsetBegin>51</CharacterOffsetBegin>
            <CharacterOffsetEnd>59</CharacterOffsetEnd>
            <POS>JJ</POS>
          </token>
          <token id="12">
            <word>area</word>
            <lemma>area</lemma>
            <CharacterOffsetBegin>60</CharacterOffsetBegin>
            <CharacterOffsetEnd>64</CharacterOffsetEnd>
            <POS>NN</POS>
          </token>
          <token id="13">
            <word>in</word>
            <lemma>in</lemma>
            <CharacterOffsetBegin>65</CharacterOffsetBegin>
            <CharacterOffsetEnd>67</CharacterOffsetEnd>
            <POS>IN</POS>
          </token>
          <token id="14">
            <word>northern</word>
            <lemma>northern</lemma>
            <CharacterOffsetBegin>68</CharacterOffsetBegin>
            <CharacterOffsetEnd>76</CharacterOffsetEnd>
            <POS>JJ</POS>
          </token>
          <token id="15">
            <word>Japan</word>
            <lemma>Japan</lemma>
            <CharacterOffsetBegin>77</CharacterOffsetBegin>
            <CharacterOffsetEnd>82</CharacterOffsetEnd>
            <POS>NNP</POS>
          </token>
          <token id="16">
            <word>,</word>
            <lemma>,</lemma>
            <CharacterOffsetBegin>82</CharacterOffsetBegin>
            <CharacterOffsetEnd>83</CharacterOffsetEnd>
            <POS>,</POS>
          </token>
          <token id="17">
            <word>but</word>
            <lemma>but</lemma>
            <CharacterOffsetBegin>84</CharacterOffsetBegin>
            <CharacterOffsetEnd>87</CharacterOffsetEnd>
            <POS>CC</POS>
          </token>
          <token id="18">
            <word>the</word>
            <lemma>the</lemma>
            <CharacterOffsetBegin>88</CharacterOffsetBegin>
            <CharacterOffsetEnd>91</CharacterOffsetEnd>
            <POS>DT</POS>
          </token>
          <token id="19">
            <word>pilot</word>
            <lemma>pilot</lemma>
            <CharacterOffsetBegin>92</CharacterOffsetBegin>
            <CharacterOffsetEnd>97</CharacterOffsetEnd>
            <POS>NN</POS>
          </token>
          <token id="20">
            <word>bailed</word>
            <lemma>bail</lemma>
            <CharacterOffsetBegin>98</CharacterOffsetBegin>
            <CharacterOffsetEnd>104</CharacterOffsetEnd>
            <POS>VBD</POS>
          </token>
          <token id="21">
            <word>out</word>
            <lemma>out</lemma>
            <CharacterOffsetBegin>105</CharacterOffsetBegin>
            <CharacterOffsetEnd>108</CharacterOffsetEnd>
            <POS>RP</POS>
          </token>
          <token id="22">
            <word>safely</word>
            <lemma>safely</lemma>
            <CharacterOffsetBegin>109</CharacterOffsetBegin>
            <CharacterOffsetEnd>115</CharacterOffsetEnd>
            <POS>RB</POS>
          </token>
          <token id="23">
            <word>and</word>
            <lemma>and</lemma>
            <CharacterOffsetBegin>116</CharacterOffsetBegin>
            <CharacterOffsetEnd>119</CharacterOffsetEnd>
            <POS>CC</POS>
          </token>
          <token id="24">
            <word>was</word>
            <lemma>be</lemma>
            <CharacterOffsetBegin>120</CharacterOffsetBegin>
            <CharacterOffsetEnd>123</CharacterOffsetEnd>
            <POS>VBD</POS>
          </token>
          <token id="25">
            <word>taken</word>
            <lemma>take</lemma>
            <CharacterOffsetBegin>124</CharacterOffsetBegin>
            <CharacterOffsetEnd>129</CharacterOffsetEnd>
            <POS>VBN</POS>
          </token>
          <token id="26">
            <word>by</word>
            <lemma>by</lemma>
            <CharacterOffsetBegin>130</CharacterOffsetBegin>
            <CharacterOffsetEnd>132</CharacterOffsetEnd>
            <POS>IN</POS>
          </token>
          <token id="27">
            <word>helicopter</word>
            <lemma>helicopter</lemma>
            <CharacterOffsetBegin>133</CharacterOffsetBegin>
            <CharacterOffsetEnd>143</CharacterOffsetEnd>
            <POS>NN</POS>
          </token>
          <token id="28">
            <word>to</word>
            <lemma>to</lemma>
            <CharacterOffsetBegin>144</CharacterOffsetBegin>
            <CharacterOffsetEnd>146</CharacterOffsetEnd>
            <POS>TO</POS>
          </token>
          <token id="29">
            <word>an</word>
            <lemma>a</lemma>
            <CharacterOffsetBegin>147</CharacterOffsetBegin>
            <CharacterOffsetEnd>149</CharacterOffsetEnd>
            <POS>DT</POS>
          </token>
          <token id="30">
            <word>American</word>
            <lemma>american</lemma>
            <CharacterOffsetBegin>150</CharacterOffsetBegin>
            <CharacterOffsetEnd>158</CharacterOffsetEnd>
            <POS>JJ</POS>
          </token>
          <token id="31">
            <word>military</word>
            <lemma>military</lemma>
            <CharacterOffsetBegin>159</CharacterOffsetBegin>
            <CharacterOffsetEnd>167</CharacterOffsetEnd>
            <POS>JJ</POS>
          </token>
          <token id="32">
            <word>base</word>
            <lemma>base</lemma>
            <CharacterOffsetBegin>168</CharacterOffsetBegin>
            <CharacterOffsetEnd>172</CharacterOffsetEnd>
            <POS>NN</POS>
          </token>
          <token id="33">
            <word>,</word>
            <lemma>,</lemma>
            <CharacterOffsetBegin>172</CharacterOffsetBegin>
            <CharacterOffsetEnd>173</CharacterOffsetEnd>
            <POS>,</POS>
          </token>
          <token id="34">
            <word>officials</word>
            <lemma>official</lemma>
            <CharacterOffsetBegin>174</CharacterOffsetBegin>
            <CharacterOffsetEnd>183</CharacterOffsetEnd>
            <POS>NNS</POS>
          </token>
          <token id="35">
            <word>said</word>
            <lemma>say</lemma>
            <CharacterOffsetBegin>184</CharacterOffsetBegin>
            <CharacterOffsetEnd>188</CharacterOffsetEnd>
            <POS>VBD</POS>
          </token>
          <token id="36">
            <word>.</word>
            <lemma>.</lemma>
            <CharacterOffsetBegin>188</CharacterOffsetBegin>
            <CharacterOffsetEnd>189</CharacterOffsetEnd>
            <POS>.</POS>
          </token>
        </tokens>
      </sentence>
      <sentence id="2">
        <tokens>
          <token id="1">
            <word>The</word>
            <lemma>the</lemma>
            <CharacterOffsetBegin>193</CharacterOffsetBegin>
            <CharacterOffsetEnd>196</CharacterOffsetEnd>
            <POS>DT</POS>
          </token>
          <token id="2">
            <word>pilot</word>
            <lemma>pilot</lemma>
            <CharacterOffsetBegin>197</CharacterOffsetBegin>
            <CharacterOffsetEnd>202</CharacterOffsetEnd>
            <POS>NN</POS>
          </token>
          <token id="3">
            <word>of</word>
            <lemma>of</lemma>
            <CharacterOffsetBegin>203</CharacterOffsetBegin>
            <CharacterOffsetEnd>205</CharacterOffsetEnd>
            <POS>IN</POS>
          </token>
          <token id="4">
            <word>the</word>
            <lemma>the</lemma>
            <CharacterOffsetBegin>206</CharacterOffsetBegin>
            <CharacterOffsetEnd>209</CharacterOffsetEnd>
            <POS>DT</POS>
          </token>
          <token id="5">
            <word>F-16C</word>
            <lemma>f-16c</lemma>
            <CharacterOffsetBegin>210</CharacterOffsetBegin>
            <CharacterOffsetEnd>215</CharacterOffsetEnd>
            <POS>NN</POS>
          </token>
          <token id="6">
            <word>,</word>
            <lemma>,</lemma>
            <CharacterOffsetBegin>215</CharacterOffsetBegin>
            <CharacterOffsetEnd>216</CharacterOffsetEnd>
            <POS>,</POS>
          </token>
          <token id="7">
            <word>Maj.</word>
            <lemma>Maj.</lemma>
            <CharacterOffsetBegin>217</CharacterOffsetBegin>
            <CharacterOffsetEnd>221</CharacterOffsetEnd>
            <POS>NNP</POS>
          </token>
          <token id="8">
            <word>Wyman</word>
            <lemma>Wyman</lemma>
            <CharacterOffsetBegin>222</CharacterOffsetBegin>
            <CharacterOffsetEnd>227</CharacterOffsetEnd>
            <POS>NNP</POS>
          </token>
          <token id="9">
            <word>E.</word>
            <lemma>E.</lemma>
            <CharacterOffsetBegin>228</CharacterOffsetBegin>
            <CharacterOffsetEnd>230</CharacterOffsetEnd>
            <POS>NNP</POS>
          </token>
          <token id="10">
            <word>Vanedoe</word>
            <lemma>Vanedoe</lemma>
            <CharacterOffsetBegin>231</CharacterOffsetBegin>
            <CharacterOffsetEnd>238</CharacterOffsetEnd>
            <POS>NNP</POS>
          </token>
          <token id="11">
            <word>,</word>
            <lemma>,</lemma>
            <CharacterOffsetBegin>238</CharacterOffsetBegin>
            <CharacterOffsetEnd>239</CharacterOffsetEnd>
            <POS>,</POS>
          </token>
          <token id="12">
            <word>was</word>
            <lemma>be</lemma>
            <CharacterOffsetBegin>240</CharacterOffsetBegin>
            <CharacterOffsetEnd>243</CharacterOffsetEnd>
            <POS>VBD</POS>
          </token>
          <token id="13">
            <word>listed</word>
            <lemma>list</lemma>
            <CharacterOffsetBegin>244</CharacterOffsetBegin>
            <CharacterOffsetEnd>250</CharacterOffsetEnd>
            <POS>VBN</POS>
          </token>
          <token id="14">
            <word>in</word>
            <lemma>in</lemma>
            <CharacterOffsetBegin>251</CharacterOffsetBegin>
            <CharacterOffsetEnd>253</CharacterOffsetEnd>
            <POS>IN</POS>
          </token>
          <token id="15">
            <word>good</word>
            <lemma>good</lemma>
            <CharacterOffsetBegin>254</CharacterOffsetBegin>
            <CharacterOffsetEnd>258</CharacterOffsetEnd>
            <POS>JJ</POS>
          </token>
          <token id="16">
            <word>condition</word>
            <lemma>condition</lemma>
            <CharacterOffsetBegin>259</CharacterOffsetBegin>
            <CharacterOffsetEnd>268</CharacterOffsetEnd>
            <POS>NN</POS>
          </token>
          <token id="17">
            <word>soon</word>
            <lemma>soon</lemma>
            <CharacterOffsetBegin>269</CharacterOffsetBegin>
            <CharacterOffsetEnd>273</CharacterOffsetEnd>
            <POS>RB</POS>
          </token>
          <token id="18">
            <word>after</word>
            <lemma>after</lemma>
            <CharacterOffsetBegin>274</CharacterOffsetBegin>
            <CharacterOffsetEnd>279</CharacterOffsetEnd>
            <POS>IN</POS>
          </token>
          <token id="19">
            <word>the</word>
            <lemma>the</lemma>
            <CharacterOffsetBegin>280</CharacterOffsetBegin>
            <CharacterOffsetEnd>283</CharacterOffsetEnd>
            <POS>DT</POS>
          </token>
          <token id="20">
            <word>crash</word>
            <lemma>crash</lemma>
            <CharacterOffsetBegin>284</CharacterOffsetBegin>
            <CharacterOffsetEnd>289</CharacterOffsetEnd>
            <POS>NN</POS>
          </token>
          <token id="21">
            <word>,</word>
            <lemma>,</lemma>
            <CharacterOffsetBegin>289</CharacterOffsetBegin>
            <CharacterOffsetEnd>290</CharacterOffsetEnd>
            <POS>,</POS>
          </token>
          <token id="22">
            <word>the</word>
            <lemma>the</lemma>
            <CharacterOffsetBegin>291</CharacterOffsetBegin>
            <CharacterOffsetEnd>294</CharacterOffsetEnd>
            <POS>DT</POS>
          </token>
          <token id="23">
            <word>U.S.</word>
            <lemma>U.S.</lemma>
            <CharacterOffsetBegin>295</CharacterOffsetBegin>
            <CharacterOffsetEnd>299</CharacterOffsetEnd>
            <POS>NNP</POS>
          </token>
          <token id="24">
            <word>Forces</word>
            <lemma>Forces</lemma>
            <CharacterOffsetBegin>300</CharacterOffsetBegin>
            <CharacterOffsetEnd>306</CharacterOffsetEnd>
            <POS>NNP</POS>
          </token>
          <token id="25">
            <word>Japan</word>
            <lemma>Japan</lemma>
            <CharacterOffsetBegin>307</CharacterOffsetBegin>
            <CharacterOffsetEnd>312</CharacterOffsetEnd>
            <POS>NNP</POS>
          </token>
          <token id="26">
            <word>Media</word>
            <lemma>Media</lemma>
            <CharacterOffsetBegin>313</CharacterOffsetBegin>
            <CharacterOffsetEnd>318</CharacterOffsetEnd>
            <POS>NNP</POS>
          </token>
          <token id="27">
            <word>Liaison</word>
            <lemma>Liaison</lemma>
            <CharacterOffsetBegin>319</CharacterOffsetBegin>
            <CharacterOffsetEnd>326</CharacterOffsetEnd>
            <POS>NNP</POS>
          </token>
          <token id="28">
            <word>Office</word>
            <lemma>Office</lemma>
            <CharacterOffsetBegin>327</CharacterOffsetBegin>
            <CharacterOffsetEnd>333</CharacterOffsetEnd>
            <POS>NNP</POS>
          </token>
          <token id="29">
            <word>in</word>
            <lemma>in</lemma>
            <CharacterOffsetBegin>334</CharacterOffsetBegin>
            <CharacterOffsetEnd>336</CharacterOffsetEnd>
            <POS>IN</POS>
          </token>
          <token id="30">
            <word>Tokyo</word>
            <lemma>Tokyo</lemma>
            <CharacterOffsetBegin>337</CharacterOffsetBegin>
            <CharacterOffsetEnd>342</CharacterOffsetEnd>
            <POS>NNP</POS>
          </token>
          <token id="31">
            <word>said</word>
            <lemma>say</lemma>
            <CharacterOffsetBegin>343</CharacterOffsetBegin>
            <CharacterOffsetEnd>347</CharacterOffsetEnd>
            <POS>VBD</POS>
          </token>
          <token id="32">
            <word>.</word>
            <lemma>.</lemma>
            <CharacterOffsetBegin>347</CharacterOffsetBegin>
            <CharacterOffsetEnd>348</CharacterOffsetEnd>
            <POS>.</POS>
          </token>
        </tokens>
      </sentence>
      <sentence id="3">
        <tokens>
          <token id="1">
            <word>Vanedoe</word>
            <lemma>Vanedoe</lemma>
            <CharacterOffsetBegin>349</CharacterOffsetBegin>
            <CharacterOffsetEnd>356</CharacterOffsetEnd>
            <POS>NNP</POS>
          </token>
          <token id="2">
            <word>'s</word>
            <lemma>'s</lemma>
            <CharacterOffsetBegin>356</CharacterOffsetBegin>
            <CharacterOffsetEnd>358</CharacterOffsetEnd>
            <POS>POS</POS>
          </token>
          <token id="3">
            <word>home</word>
            <lemma>home</lemma>
            <CharacterOffsetBegin>359</CharacterOffsetBegin>
            <CharacterOffsetEnd>363</CharacterOffsetEnd>
            <POS>NN</POS>
          </token>
          <token id="4">
            <word>town</word>
            <lemma>town</lemma>
            <CharacterOffsetBegin>364</CharacterOffsetBegin>
            <CharacterOffsetEnd>368</CharacterOffsetEnd>
            <POS>NN</POS>
          </token>
          <token id="5">
            <word>was</word>
            <lemma>be</lemma>
            <CharacterOffsetBegin>369</CharacterOffsetBegin>
            <CharacterOffsetEnd>372</CharacterOffsetEnd>
            <POS>VBD</POS>
          </token>
          <token id="6">
            <word>not</word>
            <lemma>not</lemma>
            <CharacterOffsetBegin>373</CharacterOffsetBegin>
            <CharacterOffsetEnd>376</CharacterOffsetEnd>
            <POS>RB</POS>
          </token>
          <token id="7">
            <word>immediately</word>
            <lemma>immediately</lemma>
            <CharacterOffsetBegin>377</CharacterOffsetBegin>
            <CharacterOffsetEnd>388</CharacterOffsetEnd>
            <POS>RB</POS>
          </token>
          <token id="8">
            <word>available</word>
            <lemma>available</lemma>
            <CharacterOffsetBegin>389</CharacterOffsetBegin>
            <CharacterOffsetEnd>398</CharacterOffsetEnd>
            <POS>JJ</POS>
          </token>
          <token id="9">
            <word>,</word>
            <lemma>,</lemma>
            <CharacterOffsetBegin>398</CharacterOffsetBegin>
            <CharacterOffsetEnd>399</CharacterOffsetEnd>
            <POS>,</POS>
          </token>
          <token id="10">
            <word>said</word>
            <lemma>say</lemma>
            <CharacterOffsetBegin>400</CharacterOffsetBegin>
            <CharacterOffsetEnd>404</CharacterOffsetEnd>
            <POS>VBD</POS>
          </token>
          <token id="11">
            <word>a</word>
            <lemma>a</lemma>
            <CharacterOffsetBegin>405</CharacterOffsetBegin>
            <CharacterOffsetEnd>406</CharacterOffsetEnd>
            <POS>DT</POS>
          </token>
          <token id="12">
            <word>U.S.</word>
            <lemma>U.S.</lemma>
            <CharacterOffsetBegin>407</CharacterOffsetBegin>
            <CharacterOffsetEnd>411</CharacterOffsetEnd>
            <POS>NNP</POS>
          </token>
          <token id="13">
            <word>official</word>
            <lemma>official</lemma>
            <CharacterOffsetBegin>412</CharacterOffsetBegin>
            <CharacterOffsetEnd>420</CharacterOffsetEnd>
            <POS>NN</POS>
          </token>
          <token id="14">
            <word>who</word>
            <lemma>who</lemma>
            <CharacterOffsetBegin>421</CharacterOffsetBegin>
            <CharacterOffsetEnd>424</CharacterOffsetEnd>
            <POS>WP</POS>
          </token>
          <token id="15">
            <word>spoke</word>
            <lemma>speak</lemma>
            <CharacterOffsetBegin>425</CharacterOffsetBegin>
            <CharacterOffsetEnd>430</CharacterOffsetEnd>
            <POS>VBD</POS>
          </token>
          <token id="16">
            <word>on</word>
            <lemma>on</lemma>
            <CharacterOffsetBegin>431</CharacterOffsetBegin>
            <CharacterOffsetEnd>433</CharacterOffsetEnd>
            <POS>IN</POS>
          </token>
          <token id="17">
            <word>condition</word>
            <lemma>condition</lemma>
            <CharacterOffsetBegin>434</CharacterOffsetBegin>
            <CharacterOffsetEnd>443</CharacterOffsetEnd>
            <POS>NN</POS>
          </token>
          <token id="18">
            <word>of</word>
            <lemma>of</lemma>
            <CharacterOffsetBegin>444</CharacterOffsetBegin>
            <CharacterOffsetEnd>446</CharacterOffsetEnd>
            <POS>IN</POS>
          </token>
          <token id="19">
            <word>anonymity</word>
            <lemma>anonymity</lemma>
            <CharacterOffsetBegin>447</CharacterOffsetBegin>
            <CharacterOffsetEnd>456</CharacterOffsetEnd>
            <POS>NN</POS>
          </token>
          <token id="20">
            <word>.</word>
            <lemma>.</lemma>
            <CharacterOffsetBegin>456</CharacterOffsetBegin>
            <CharacterOffsetEnd>457</CharacterOffsetEnd>
            <POS>.</POS>
          </token>
        </tokens>
      </sentence>
      <sentence id="4">
        <tokens>
          <token id="1">
            <word>Isao</word>
            <lemma>Isao</lemma>
            <CharacterOffsetBegin>461</CharacterOffsetBegin>
            <CharacterOffsetEnd>465</CharacterOffsetEnd>
            <POS>NNP</POS>
          </token>
          <token id="2">
            <word>Teranagare</word>
            <lemma>Teranagare</lemma>
            <CharacterOffsetBegin>466</CharacterOffsetBegin>
            <CharacterOffsetEnd>476</CharacterOffsetEnd>
            <POS>NNP</POS>
          </token>
          <token id="3">
            <word>,</word>
            <lemma>,</lemma>
            <CharacterOffsetBegin>476</CharacterOffsetBegin>
            <CharacterOffsetEnd>477</CharacterOffsetEnd>
            <POS>,</POS>
          </token>
          <token id="4">
            <word>spokesman</word>
            <lemma>spokesman</lemma>
            <CharacterOffsetBegin>478</CharacterOffsetBegin>
            <CharacterOffsetEnd>487</CharacterOffsetEnd>
            <POS>NN</POS>
          </token>
          <token id="5">
            <word>of</word>
            <lemma>of</lemma>
            <CharacterOffsetBegin>488</CharacterOffsetBegin>
            <CharacterOffsetEnd>490</CharacterOffsetEnd>
            <POS>IN</POS>
          </token>
          <token id="6">
            <word>Iwate</word>
            <lemma>Iwate</lemma>
            <CharacterOffsetBegin>491</CharacterOffsetBegin>
            <CharacterOffsetEnd>496</CharacterOffsetEnd>
            <POS>NNP</POS>
          </token>
          <token id="7">
            <word>Prefecture</word>
            <lemma>Prefecture</lemma>
            <CharacterOffsetBegin>497</CharacterOffsetBegin>
            <CharacterOffsetEnd>507</CharacterOffsetEnd>
            <POS>NNP</POS>
          </token>
          <token id="8">
            <word>-LRB-</word>
            <lemma>-lrb-</lemma>
            <CharacterOffsetBegin>508</CharacterOffsetBegin>
            <CharacterOffsetEnd>509</CharacterOffsetEnd>
            <POS>-LRB-</POS>
          </token>
          <token id="9">
            <word>state</word>
            <lemma>state</lemma>
            <CharacterOffsetBegin>509</CharacterOffsetBegin>
            <CharacterOffsetEnd>514</CharacterOffsetEnd>
            <POS>NN</POS>
          </token>
          <token id="10">
            <word>-RRB-</word>
            <lemma>-rrb-</lemma>
            <CharacterOffsetBegin>514</CharacterOffsetBegin>
            <CharacterOffsetEnd>515</CharacterOffsetEnd>
            <POS>-RRB-</POS>
          </token>
          <token id="11">
            <word>Police</word>
            <lemma>police</lemma>
            <CharacterOffsetBegin>516</CharacterOffsetBegin>
            <CharacterOffsetEnd>522</CharacterOffsetEnd>
            <POS>NN</POS>
          </token>
          <token id="12">
            <word>,</word>
            <lemma>,</lemma>
            <CharacterOffsetBegin>522</CharacterOffsetBegin>
            <CharacterOffsetEnd>523</CharacterOffsetEnd>
            <POS>,</POS>
          </token>
          <token id="13">
            <word>said</word>
            <lemma>say</lemma>
            <CharacterOffsetBegin>524</CharacterOffsetBegin>
            <CharacterOffsetEnd>528</CharacterOffsetEnd>
            <POS>VBD</POS>
          </token>
          <token id="14">
            <word>the</word>
            <lemma>the</lemma>
            <CharacterOffsetBegin>529</CharacterOffsetBegin>
            <CharacterOffsetEnd>532</CharacterOffsetEnd>
            <POS>DT</POS>
          </token>
          <token id="15">
            <word>pilot</word>
            <lemma>pilot</lemma>
            <CharacterOffsetBegin>533</CharacterOffsetBegin>
            <CharacterOffsetEnd>538</CharacterOffsetEnd>
            <POS>NN</POS>
          </token>
          <token id="16">
            <word>was</word>
            <lemma>be</lemma>
            <CharacterOffsetBegin>539</CharacterOffsetBegin>
            <CharacterOffsetEnd>542</CharacterOffsetEnd>
            <POS>VBD</POS>
          </token>
          <token id="17">
            <word>taken</word>
            <lemma>take</lemma>
            <CharacterOffsetBegin>543</CharacterOffsetBegin>
            <CharacterOffsetEnd>548</CharacterOffsetEnd>
            <POS>VBN</POS>
          </token>
          <token id="18">
            <word>by</word>
            <lemma>by</lemma>
            <CharacterOffsetBegin>549</CharacterOffsetBegin>
            <CharacterOffsetEnd>551</CharacterOffsetEnd>
            <POS>IN</POS>
          </token>
          <token id="19">
            <word>a</word>
            <lemma>a</lemma>
            <CharacterOffsetBegin>552</CharacterOffsetBegin>
            <CharacterOffsetEnd>553</CharacterOffsetEnd>
            <POS>DT</POS>
          </token>
          <token id="20">
            <word>Japanese</word>
            <lemma>japanese</lemma>
            <CharacterOffsetBegin>554</CharacterOffsetBegin>
            <CharacterOffsetEnd>562</CharacterOffsetEnd>
            <POS>JJ</POS>
          </token>
          <token id="21">
            <word>rescue</word>
            <lemma>rescue</lemma>
            <CharacterOffsetBegin>563</CharacterOffsetBegin>
            <CharacterOffsetEnd>569</CharacterOffsetEnd>
            <POS>NN</POS>
          </token>
          <token id="22">
            <word>helicopter</word>
            <lemma>helicopter</lemma>
            <CharacterOffsetBegin>570</CharacterOffsetBegin>
            <CharacterOffsetEnd>580</CharacterOffsetEnd>
            <POS>NN</POS>
          </token>
          <token id="23">
            <word>to</word>
            <lemma>to</lemma>
            <CharacterOffsetBegin>581</CharacterOffsetBegin>
            <CharacterOffsetEnd>583</CharacterOffsetEnd>
            <POS>TO</POS>
          </token>
          <token id="24">
            <word>the</word>
            <lemma>the</lemma>
            <CharacterOffsetBegin>584</CharacterOffsetBegin>
            <CharacterOffsetEnd>587</CharacterOffsetEnd>
            <POS>DT</POS>
          </token>
          <token id="25">
            <word>U.S.</word>
            <lemma>U.S.</lemma>
            <CharacterOffsetBegin>588</CharacterOffsetBegin>
            <CharacterOffsetEnd>592</CharacterOffsetEnd>
            <POS>NNP</POS>
          </token>
          <token id="26">
            <word>Air</word>
            <lemma>Air</lemma>
            <CharacterOffsetBegin>593</CharacterOffsetBegin>
            <CharacterOffsetEnd>596</CharacterOffsetEnd>
            <POS>NNP</POS>
          </token>
          <token id="27">
            <word>Base</word>
            <lemma>Base</lemma>
            <CharacterOffsetBegin>597</CharacterOffsetBegin>
            <CharacterOffsetEnd>601</CharacterOffsetEnd>
            <POS>NNP</POS>
          </token>
          <token id="28">
            <word>at</word>
            <lemma>at</lemma>
            <CharacterOffsetBegin>602</CharacterOffsetBegin>
            <CharacterOffsetEnd>604</CharacterOffsetEnd>
            <POS>IN</POS>
          </token>
          <token id="29">
            <word>Misawa</word>
            <lemma>Misawa</lemma>
            <CharacterOffsetBegin>605</CharacterOffsetBegin>
            <CharacterOffsetEnd>611</CharacterOffsetEnd>
            <POS>NNP</POS>
          </token>
          <token id="30">
            <word>in</word>
            <lemma>in</lemma>
            <CharacterOffsetBegin>612</CharacterOffsetBegin>
            <CharacterOffsetEnd>614</CharacterOffsetEnd>
            <POS>IN</POS>
          </token>
          <token id="31">
            <word>northern</word>
            <lemma>northern</lemma>
            <CharacterOffsetBegin>615</CharacterOffsetBegin>
            <CharacterOffsetEnd>623</CharacterOffsetEnd>
            <POS>JJ</POS>
          </token>
          <token id="32">
            <word>Japan</word>
            <lemma>Japan</lemma>
            <CharacterOffsetBegin>624</CharacterOffsetBegin>
            <CharacterOffsetEnd>629</CharacterOffsetEnd>
            <POS>NNP</POS>
          </token>
          <token id="33">
            <word>.</word>
            <lemma>.</lemma>
            <CharacterOffsetBegin>629</CharacterOffsetBegin>
            <CharacterOffsetEnd>630</CharacterOffsetEnd>
            <POS>.</POS>
          </token>
        </tokens>
      </sentence>
      <sentence id="5">
        <tokens>
          <token id="1">
            <word>No</word>
            <lemma>no</lemma>
            <CharacterOffsetBegin>634</CharacterOffsetBegin>
            <CharacterOffsetEnd>636</CharacterOffsetEnd>
            <POS>DT</POS>
          </token>
          <token id="2">
            <word>one</word>
            <lemma>one</lemma>
            <CharacterOffsetBegin>637</CharacterOffsetBegin>
            <CharacterOffsetEnd>640</CharacterOffsetEnd>
            <POS>NN</POS>
          </token>
          <token id="3">
            <word>else</word>
            <lemma>else</lemma>
            <CharacterOffsetBegin>641</CharacterOffsetBegin>
            <CharacterOffsetEnd>645</CharacterOffsetEnd>
            <POS>RB</POS>
          </token>
          <token id="4">
            <word>was</word>
            <lemma>be</lemma>
            <CharacterOffsetBegin>646</CharacterOffsetBegin>
            <CharacterOffsetEnd>649</CharacterOffsetEnd>
            <POS>VBD</POS>
          </token>
          <token id="5">
            <word>aboard</word>
            <lemma>aboard</lemma>
            <CharacterOffsetBegin>650</CharacterOffsetBegin>
            <CharacterOffsetEnd>656</CharacterOffsetEnd>
            <POS>IN</POS>
          </token>
          <token id="6">
            <word>the</word>
            <lemma>the</lemma>
            <CharacterOffsetBegin>657</CharacterOffsetBegin>
            <CharacterOffsetEnd>660</CharacterOffsetEnd>
            <POS>DT</POS>
          </token>
          <token id="7">
            <word>fighter</word>
            <lemma>fighter</lemma>
            <CharacterOffsetBegin>661</CharacterOffsetBegin>
            <CharacterOffsetEnd>668</CharacterOffsetEnd>
            <POS>NN</POS>
          </token>
          <token id="8">
            <word>,</word>
            <lemma>,</lemma>
            <CharacterOffsetBegin>668</CharacterOffsetBegin>
            <CharacterOffsetEnd>669</CharacterOffsetEnd>
            <POS>,</POS>
          </token>
          <token id="9">
            <word>he</word>
            <lemma>he</lemma>
            <CharacterOffsetBegin>670</CharacterOffsetBegin>
            <CharacterOffsetEnd>672</CharacterOffsetEnd>
            <POS>PRP</POS>
          </token>
          <token id="10">
            <word>said</word>
            <lemma>say</lemma>
            <CharacterOffsetBegin>673</CharacterOffsetBegin>
            <CharacterOffsetEnd>677</CharacterOffsetEnd>
            <POS>VBD</POS>
          </token>
          <token id="11">
            <word>.</word>
            <lemma>.</lemma>
            <CharacterOffsetBegin>677</CharacterOffsetBegin>
            <CharacterOffsetEnd>678</CharacterOffsetEnd>
            <POS>.</POS>
          </token>
        </tokens>
      </sentence>
      <sentence id="6">
        <tokens>
          <token id="1">
            <word>The</word>
            <lemma>the</lemma>
            <CharacterOffsetBegin>682</CharacterOffsetBegin>
            <CharacterOffsetEnd>685</CharacterOffsetEnd>
            <POS>DT</POS>
          </token>
          <token id="2">
            <word>U.S.</word>
            <lemma>U.S.</lemma>
            <CharacterOffsetBegin>686</CharacterOffsetBegin>
            <CharacterOffsetEnd>690</CharacterOffsetEnd>
            <POS>NNP</POS>
          </token>
          <token id="3">
            <word>aircraft</word>
            <lemma>aircraft</lemma>
            <CharacterOffsetBegin>691</CharacterOffsetBegin>
            <CharacterOffsetEnd>699</CharacterOffsetEnd>
            <POS>NN</POS>
          </token>
          <token id="4">
            <word>,</word>
            <lemma>,</lemma>
            <CharacterOffsetBegin>699</CharacterOffsetBegin>
            <CharacterOffsetEnd>700</CharacterOffsetEnd>
            <POS>,</POS>
          </token>
          <token id="5">
            <word>belonging</word>
            <lemma>belong</lemma>
            <CharacterOffsetBegin>701</CharacterOffsetBegin>
            <CharacterOffsetEnd>710</CharacterOffsetEnd>
            <POS>VBG</POS>
          </token>
          <token id="6">
            <word>to</word>
            <lemma>to</lemma>
            <CharacterOffsetBegin>711</CharacterOffsetBegin>
            <CharacterOffsetEnd>713</CharacterOffsetEnd>
            <POS>TO</POS>
          </token>
          <token id="7">
            <word>the</word>
            <lemma>the</lemma>
            <CharacterOffsetBegin>714</CharacterOffsetBegin>
            <CharacterOffsetEnd>717</CharacterOffsetEnd>
            <POS>DT</POS>
          </token>
          <token id="8">
            <word>14th</word>
            <lemma>14th</lemma>
            <CharacterOffsetBegin>718</CharacterOffsetBegin>
            <CharacterOffsetEnd>722</CharacterOffsetEnd>
            <POS>JJ</POS>
          </token>
          <token id="9">
            <word>Tactical</word>
            <lemma>Tactical</lemma>
            <CharacterOffsetBegin>723</CharacterOffsetBegin>
            <CharacterOffsetEnd>731</CharacterOffsetEnd>
            <POS>NNP</POS>
          </token>
          <token id="10">
            <word>Fighter</word>
            <lemma>Fighter</lemma>
            <CharacterOffsetBegin>732</CharacterOffsetBegin>
            <CharacterOffsetEnd>739</CharacterOffsetEnd>
            <POS>NNP</POS>
          </token>
          <token id="11">
            <word>Squadron</word>
            <lemma>Squadron</lemma>
            <CharacterOffsetBegin>740</CharacterOffsetBegin>
            <CharacterOffsetEnd>748</CharacterOffsetEnd>
            <POS>NNP</POS>
          </token>
          <token id="12">
            <word>at</word>
            <lemma>at</lemma>
            <CharacterOffsetBegin>749</CharacterOffsetBegin>
            <CharacterOffsetEnd>751</CharacterOffsetEnd>
            <POS>IN</POS>
          </token>
          <token id="13">
            <word>Misawa</word>
            <lemma>Misawa</lemma>
            <CharacterOffsetBegin>752</CharacterOffsetBegin>
            <CharacterOffsetEnd>758</CharacterOffsetEnd>
            <POS>NNP</POS>
          </token>
          <token id="14">
            <word>,</word>
            <lemma>,</lemma>
            <CharacterOffsetBegin>758</CharacterOffsetBegin>
            <CharacterOffsetEnd>759</CharacterOffsetEnd>
            <POS>,</POS>
          </token>
          <token id="15">
            <word>was</word>
            <lemma>be</lemma>
            <CharacterOffsetBegin>760</CharacterOffsetBegin>
            <CharacterOffsetEnd>763</CharacterOffsetEnd>
            <POS>VBD</POS>
          </token>
          <token id="16">
            <word>on</word>
            <lemma>on</lemma>
            <CharacterOffsetBegin>764</CharacterOffsetBegin>
            <CharacterOffsetEnd>766</CharacterOffsetEnd>
            <POS>IN</POS>
          </token>
          <token id="17">
            <word>a</word>
            <lemma>a</lemma>
            <CharacterOffsetBegin>767</CharacterOffsetBegin>
            <CharacterOffsetEnd>768</CharacterOffsetEnd>
            <POS>DT</POS>
          </token>
          <token id="18">
            <word>routine</word>
            <lemma>routine</lemma>
            <CharacterOffsetBegin>769</CharacterOffsetBegin>
            <CharacterOffsetEnd>776</CharacterOffsetEnd>
            <POS>JJ</POS>
          </token>
          <token id="19">
            <word>training</word>
            <lemma>training</lemma>
            <CharacterOffsetBegin>777</CharacterOffsetBegin>
            <CharacterOffsetEnd>785</CharacterOffsetEnd>
            <POS>NN</POS>
          </token>
          <token id="20">
            <word>flight</word>
            <lemma>flight</lemma>
            <CharacterOffsetBegin>786</CharacterOffsetBegin>
            <CharacterOffsetEnd>792</CharacterOffsetEnd>
            <POS>NN</POS>
          </token>
          <token id="21">
            <word>with</word>
            <lemma>with</lemma>
            <CharacterOffsetBegin>793</CharacterOffsetBegin>
            <CharacterOffsetEnd>797</CharacterOffsetEnd>
            <POS>IN</POS>
          </token>
          <token id="22">
            <word>two</word>
            <lemma>two</lemma>
            <CharacterOffsetBegin>798</CharacterOffsetBegin>
            <CharacterOffsetEnd>801</CharacterOffsetEnd>
            <POS>CD</POS>
          </token>
          <token id="23">
            <word>other</word>
            <lemma>other</lemma>
            <CharacterOffsetBegin>802</CharacterOffsetBegin>
            <CharacterOffsetEnd>807</CharacterOffsetEnd>
            <POS>JJ</POS>
          </token>
          <token id="24">
            <word>F-16s</word>
            <lemma>f-16</lemma>
            <CharacterOffsetBegin>808</CharacterOffsetBegin>
            <CharacterOffsetEnd>813</CharacterOffsetEnd>
            <POS>NNS</POS>
          </token>
          <token id="25">
            <word>in</word>
            <lemma>in</lemma>
            <CharacterOffsetBegin>814</CharacterOffsetBegin>
            <CharacterOffsetEnd>816</CharacterOffsetEnd>
            <POS>IN</POS>
          </token>
          <token id="26">
            <word>partly</word>
            <lemma>partly</lemma>
            <CharacterOffsetBegin>817</CharacterOffsetBegin>
            <CharacterOffsetEnd>823</CharacterOffsetEnd>
            <POS>RB</POS>
          </token>
          <token id="27">
            <word>cloudy</word>
            <lemma>cloudy</lemma>
            <CharacterOffsetBegin>824</CharacterOffsetBegin>
            <CharacterOffsetEnd>830</CharacterOffsetEnd>
            <POS>JJ</POS>
          </token>
          <token id="28">
            <word>skies</word>
            <lemma>sky</lemma>
            <CharacterOffsetBegin>831</CharacterOffsetBegin>
            <CharacterOffsetEnd>836</CharacterOffsetEnd>
            <POS>NNS</POS>
          </token>
          <token id="29">
            <word>when</word>
            <lemma>when</lemma>
            <CharacterOffsetBegin>837</CharacterOffsetBegin>
            <CharacterOffsetEnd>841</CharacterOffsetEnd>
            <POS>WRB</POS>
          </token>
          <token id="30">
            <word>it</word>
            <lemma>it</lemma>
            <CharacterOffsetBegin>842</CharacterOffsetBegin>
            <CharacterOffsetEnd>844</CharacterOffsetEnd>
            <POS>PRP</POS>
          </token>
          <token id="31">
            <word>crashed</word>
            <lemma>crash</lemma>
            <CharacterOffsetBegin>845</CharacterOffsetBegin>
            <CharacterOffsetEnd>852</CharacterOffsetEnd>
            <POS>VBD</POS>
          </token>
          <token id="32">
            <word>in</word>
            <lemma>in</lemma>
            <CharacterOffsetBegin>853</CharacterOffsetBegin>
            <CharacterOffsetEnd>855</CharacterOffsetEnd>
            <POS>IN</POS>
          </token>
          <token id="33">
            <word>a</word>
            <lemma>a</lemma>
            <CharacterOffsetBegin>856</CharacterOffsetBegin>
            <CharacterOffsetEnd>857</CharacterOffsetEnd>
            <POS>DT</POS>
          </token>
          <token id="34">
            <word>forested</word>
            <lemma>forested</lemma>
            <CharacterOffsetBegin>858</CharacterOffsetBegin>
            <CharacterOffsetEnd>866</CharacterOffsetEnd>
            <POS>JJ</POS>
          </token>
          <token id="35">
            <word>area</word>
            <lemma>area</lemma>
            <CharacterOffsetBegin>867</CharacterOffsetBegin>
            <CharacterOffsetEnd>871</CharacterOffsetEnd>
            <POS>NN</POS>
          </token>
          <token id="36">
            <word>in</word>
            <lemma>in</lemma>
            <CharacterOffsetBegin>872</CharacterOffsetBegin>
            <CharacterOffsetEnd>874</CharacterOffsetEnd>
            <POS>IN</POS>
          </token>
          <token id="37">
            <word>Iwate</word>
            <lemma>Iwate</lemma>
            <CharacterOffsetBegin>875</CharacterOffsetBegin>
            <CharacterOffsetEnd>880</CharacterOffsetEnd>
            <POS>NNP</POS>
          </token>
          <token id="38">
            <word>,</word>
            <lemma>,</lemma>
            <CharacterOffsetBegin>880</CharacterOffsetBegin>
            <CharacterOffsetEnd>881</CharacterOffsetEnd>
            <POS>,</POS>
          </token>
          <token id="39">
            <word>police</word>
            <lemma>police</lemma>
            <CharacterOffsetBegin>882</CharacterOffsetBegin>
            <CharacterOffsetEnd>888</CharacterOffsetEnd>
            <POS>NN</POS>
          </token>
          <token id="40">
            <word>said</word>
            <lemma>say</lemma>
            <CharacterOffsetBegin>889</CharacterOffsetBegin>
            <CharacterOffsetEnd>893</CharacterOffsetEnd>
            <POS>VBD</POS>
          </token>
          <token id="41">
            <word>.</word>
            <lemma>.</lemma>
            <CharacterOffsetBegin>893</CharacterOffsetBegin>
            <CharacterOffsetEnd>894</CharacterOffsetEnd>
            <POS>.</POS>
          </token>
        </tokens>
      </sentence>
      <sentence id="7">
        <tokens>
          <token id="1">
            <word>Iwate</word>
            <lemma>Iwate</lemma>
            <CharacterOffsetBegin>898</CharacterOffsetBegin>
            <CharacterOffsetEnd>903</CharacterOffsetEnd>
            <POS>NNP</POS>
          </token>
          <token id="2">
            <word>is</word>
            <lemma>be</lemma>
            <CharacterOffsetBegin>904</CharacterOffsetBegin>
            <CharacterOffsetEnd>906</CharacterOffsetEnd>
            <POS>VBZ</POS>
          </token>
          <token id="3">
            <word>about</word>
            <lemma>about</lemma>
            <CharacterOffsetBegin>907</CharacterOffsetBegin>
            <CharacterOffsetEnd>912</CharacterOffsetEnd>
            <POS>IN</POS>
          </token>
          <token id="4">
            <word>290</word>
            <lemma>290</lemma>
            <CharacterOffsetBegin>913</CharacterOffsetBegin>
            <CharacterOffsetEnd>916</CharacterOffsetEnd>
            <POS>CD</POS>
          </token>
          <token id="5">
            <word>miles</word>
            <lemma>mile</lemma>
            <CharacterOffsetBegin>917</CharacterOffsetBegin>
            <CharacterOffsetEnd>922</CharacterOffsetEnd>
            <POS>NNS</POS>
          </token>
          <token id="6">
            <word>north</word>
            <lemma>north</lemma>
            <CharacterOffsetBegin>923</CharacterOffsetBegin>
            <CharacterOffsetEnd>928</CharacterOffsetEnd>
            <POS>RB</POS>
          </token>
          <token id="7">
            <word>of</word>
            <lemma>of</lemma>
            <CharacterOffsetBegin>929</CharacterOffsetBegin>
            <CharacterOffsetEnd>931</CharacterOffsetEnd>
            <POS>IN</POS>
          </token>
          <token id="8">
            <word>Tokyo</word>
            <lemma>Tokyo</lemma>
            <CharacterOffsetBegin>932</CharacterOffsetBegin>
            <CharacterOffsetEnd>937</CharacterOffsetEnd>
            <POS>NNP</POS>
          </token>
          <token id="9">
            <word>.</word>
            <lemma>.</lemma>
            <CharacterOffsetBegin>937</CharacterOffsetBegin>
            <CharacterOffsetEnd>938</CharacterOffsetEnd>
            <POS>.</POS>
          </token>
        </tokens>
      </sentence>
      <sentence id="8">
        <tokens>
          <token id="1">
            <word>The</word>
            <lemma>the</lemma>
            <CharacterOffsetBegin>942</CharacterOffsetBegin>
            <CharacterOffsetEnd>945</CharacterOffsetEnd>
            <POS>DT</POS>
          </token>
          <token id="2">
            <word>cause</word>
            <lemma>cause</lemma>
            <CharacterOffsetBegin>946</CharacterOffsetBegin>
            <CharacterOffsetEnd>951</CharacterOffsetEnd>
            <POS>NN</POS>
          </token>
          <token id="3">
            <word>of</word>
            <lemma>of</lemma>
            <CharacterOffsetBegin>952</CharacterOffsetBegin>
            <CharacterOffsetEnd>954</CharacterOffsetEnd>
            <POS>IN</POS>
          </token>
          <token id="4">
            <word>the</word>
            <lemma>the</lemma>
            <CharacterOffsetBegin>955</CharacterOffsetBegin>
            <CharacterOffsetEnd>958</CharacterOffsetEnd>
            <POS>DT</POS>
          </token>
          <token id="5">
            <word>crash</word>
            <lemma>crash</lemma>
            <CharacterOffsetBegin>959</CharacterOffsetBegin>
            <CharacterOffsetEnd>964</CharacterOffsetEnd>
            <POS>NN</POS>
          </token>
          <token id="6">
            <word>was</word>
            <lemma>be</lemma>
            <CharacterOffsetBegin>965</CharacterOffsetBegin>
            <CharacterOffsetEnd>968</CharacterOffsetEnd>
            <POS>VBD</POS>
          </token>
          <token id="7">
            <word>under</word>
            <lemma>under</lemma>
            <CharacterOffsetBegin>969</CharacterOffsetBegin>
            <CharacterOffsetEnd>974</CharacterOffsetEnd>
            <POS>IN</POS>
          </token>
          <token id="8">
            <word>investigation</word>
            <lemma>investigation</lemma>
            <CharacterOffsetBegin>975</CharacterOffsetBegin>
            <CharacterOffsetEnd>988</CharacterOffsetEnd>
            <POS>NN</POS>
          </token>
          <token id="9">
            <word>.</word>
            <lemma>.</lemma>
            <CharacterOffsetBegin>988</CharacterOffsetBegin>
            <CharacterOffsetEnd>989</CharacterOffsetEnd>
            <POS>.</POS>
          </token>
        </tokens>
      </sentence>
      <sentence id="9">
        <tokens>
          <token id="1">
            <word>On</word>
            <lemma>on</lemma>
            <CharacterOffsetBegin>993</CharacterOffsetBegin>
            <CharacterOffsetEnd>995</CharacterOffsetEnd>
            <POS>IN</POS>
          </token>
          <token id="2">
            <word>March</word>
            <lemma>March</lemma>
            <CharacterOffsetBegin>996</CharacterOffsetBegin>
            <CharacterOffsetEnd>1001</CharacterOffsetEnd>
            <POS>NNP</POS>
          </token>
          <token id="3">
            <word>22</word>
            <lemma>22</lemma>
            <CharacterOffsetBegin>1002</CharacterOffsetBegin>
            <CharacterOffsetEnd>1004</CharacterOffsetEnd>
            <POS>CD</POS>
          </token>
          <token id="4">
            <word>,</word>
            <lemma>,</lemma>
            <CharacterOffsetBegin>1004</CharacterOffsetBegin>
            <CharacterOffsetEnd>1005</CharacterOffsetEnd>
            <POS>,</POS>
          </token>
          <token id="5">
            <word>1987</word>
            <lemma>1987</lemma>
            <CharacterOffsetBegin>1006</CharacterOffsetBegin>
            <CharacterOffsetEnd>1010</CharacterOffsetEnd>
            <POS>CD</POS>
          </token>
          <token id="6">
            <word>,</word>
            <lemma>,</lemma>
            <CharacterOffsetBegin>1010</CharacterOffsetBegin>
            <CharacterOffsetEnd>1011</CharacterOffsetEnd>
            <POS>,</POS>
          </token>
          <token id="7">
            <word>another</word>
            <lemma>another</lemma>
            <CharacterOffsetBegin>1012</CharacterOffsetBegin>
            <CharacterOffsetEnd>1019</CharacterOffsetEnd>
            <POS>DT</POS>
          </token>
          <token id="8">
            <word>F-16</word>
            <lemma>f-16</lemma>
            <CharacterOffsetBegin>1020</CharacterOffsetBegin>
            <CharacterOffsetEnd>1024</CharacterOffsetEnd>
            <POS>NN</POS>
          </token>
          <token id="9">
            <word>crashed</word>
            <lemma>crash</lemma>
            <CharacterOffsetBegin>1025</CharacterOffsetBegin>
            <CharacterOffsetEnd>1032</CharacterOffsetEnd>
            <POS>VBD</POS>
          </token>
          <token id="10">
            <word>in</word>
            <lemma>in</lemma>
            <CharacterOffsetBegin>1033</CharacterOffsetBegin>
            <CharacterOffsetEnd>1035</CharacterOffsetEnd>
            <POS>IN</POS>
          </token>
          <token id="11">
            <word>the</word>
            <lemma>the</lemma>
            <CharacterOffsetBegin>1036</CharacterOffsetBegin>
            <CharacterOffsetEnd>1039</CharacterOffsetEnd>
            <POS>DT</POS>
          </token>
          <token id="12">
            <word>Pacific</word>
            <lemma>Pacific</lemma>
            <CharacterOffsetBegin>1040</CharacterOffsetBegin>
            <CharacterOffsetEnd>1047</CharacterOffsetEnd>
            <POS>NNP</POS>
          </token>
          <token id="13">
            <word>Ocean</word>
            <lemma>Ocean</lemma>
            <CharacterOffsetBegin>1048</CharacterOffsetBegin>
            <CharacterOffsetEnd>1053</CharacterOffsetEnd>
            <POS>NNP</POS>
          </token>
          <token id="14">
            <word>off</word>
            <lemma>off</lemma>
            <CharacterOffsetBegin>1054</CharacterOffsetBegin>
            <CharacterOffsetEnd>1057</CharacterOffsetEnd>
            <POS>IN</POS>
          </token>
          <token id="15">
            <word>Misawa</word>
            <lemma>Misawa</lemma>
            <CharacterOffsetBegin>1058</CharacterOffsetBegin>
            <CharacterOffsetEnd>1064</CharacterOffsetEnd>
            <POS>NNP</POS>
          </token>
          <token id="16">
            <word>,</word>
            <lemma>,</lemma>
            <CharacterOffsetBegin>1064</CharacterOffsetBegin>
            <CharacterOffsetEnd>1065</CharacterOffsetEnd>
            <POS>,</POS>
          </token>
          <token id="17">
            <word>360</word>
            <lemma>360</lemma>
            <CharacterOffsetBegin>1066</CharacterOffsetBegin>
            <CharacterOffsetEnd>1069</CharacterOffsetEnd>
            <POS>CD</POS>
          </token>
          <token id="18">
            <word>miles</word>
            <lemma>mile</lemma>
            <CharacterOffsetBegin>1070</CharacterOffsetBegin>
            <CharacterOffsetEnd>1075</CharacterOffsetEnd>
            <POS>NNS</POS>
          </token>
          <token id="19">
            <word>north</word>
            <lemma>north</lemma>
            <CharacterOffsetBegin>1076</CharacterOffsetBegin>
            <CharacterOffsetEnd>1081</CharacterOffsetEnd>
            <POS>RB</POS>
          </token>
          <token id="20">
            <word>of</word>
            <lemma>of</lemma>
            <CharacterOffsetBegin>1082</CharacterOffsetBegin>
            <CharacterOffsetEnd>1084</CharacterOffsetEnd>
            <POS>IN</POS>
          </token>
          <token id="21">
            <word>Tokyo</word>
            <lemma>Tokyo</lemma>
            <CharacterOffsetBegin>1085</CharacterOffsetBegin>
            <CharacterOffsetEnd>1090</CharacterOffsetEnd>
            <POS>NNP</POS>
          </token>
          <token id="22">
            <word>.</word>
            <lemma>.</lemma>
            <CharacterOffsetBegin>1090</CharacterOffsetBegin>
            <CharacterOffsetEnd>1091</CharacterOffsetEnd>
            <POS>.</POS>
          </token>
        </tokens>
      </sentence>
      <sentence id="10">
        <tokens>
          <token id="1">
            <word>In</word>
            <lemma>in</lemma>
            <CharacterOffsetBegin>1092</CharacterOffsetBegin>
            <CharacterOffsetEnd>1094</CharacterOffsetEnd>
            <POS>IN</POS>
          </token>
          <token id="2">
            <word>that</word>
            <lemma>that</lemma>
            <CharacterOffsetBegin>1095</CharacterOffsetBegin>
            <CharacterOffsetEnd>1099</CharacterOffsetEnd>
            <POS>DT</POS>
          </token>
          <token id="3">
            <word>crash</word>
            <lemma>crash</lemma>
            <CharacterOffsetBegin>1100</CharacterOffsetBegin>
            <CharacterOffsetEnd>1105</CharacterOffsetEnd>
            <POS>NN</POS>
          </token>
          <token id="4">
            <word>,</word>
            <lemma>,</lemma>
            <CharacterOffsetBegin>1105</CharacterOffsetBegin>
            <CharacterOffsetEnd>1106</CharacterOffsetEnd>
            <POS>,</POS>
          </token>
          <token id="5">
            <word>the</word>
            <lemma>the</lemma>
            <CharacterOffsetBegin>1107</CharacterOffsetBegin>
            <CharacterOffsetEnd>1110</CharacterOffsetEnd>
            <POS>DT</POS>
          </token>
          <token id="6">
            <word>pilot</word>
            <lemma>pilot</lemma>
            <CharacterOffsetBegin>1111</CharacterOffsetBegin>
            <CharacterOffsetEnd>1116</CharacterOffsetEnd>
            <POS>NN</POS>
          </token>
          <token id="7">
            <word>also</word>
            <lemma>also</lemma>
            <CharacterOffsetBegin>1117</CharacterOffsetBegin>
            <CharacterOffsetEnd>1121</CharacterOffsetEnd>
            <POS>RB</POS>
          </token>
          <token id="8">
            <word>bailed</word>
            <lemma>bail</lemma>
            <CharacterOffsetBegin>1122</CharacterOffsetBegin>
            <CharacterOffsetEnd>1128</CharacterOffsetEnd>
            <POS>VBD</POS>
          </token>
          <token id="9">
            <word>out</word>
            <lemma>out</lemma>
            <CharacterOffsetBegin>1129</CharacterOffsetBegin>
            <CharacterOffsetEnd>1132</CharacterOffsetEnd>
            <POS>RP</POS>
          </token>
          <token id="10">
            <word>and</word>
            <lemma>and</lemma>
            <CharacterOffsetBegin>1133</CharacterOffsetBegin>
            <CharacterOffsetEnd>1136</CharacterOffsetEnd>
            <POS>CC</POS>
          </token>
          <token id="11">
            <word>was</word>
            <lemma>be</lemma>
            <CharacterOffsetBegin>1137</CharacterOffsetBegin>
            <CharacterOffsetEnd>1140</CharacterOffsetEnd>
            <POS>VBD</POS>
          </token>
          <token id="12">
            <word>rescued</word>
            <lemma>rescue</lemma>
            <CharacterOffsetBegin>1141</CharacterOffsetBegin>
            <CharacterOffsetEnd>1148</CharacterOffsetEnd>
            <POS>VBN</POS>
          </token>
          <token id="13">
            <word>by</word>
            <lemma>by</lemma>
            <CharacterOffsetBegin>1149</CharacterOffsetBegin>
            <CharacterOffsetEnd>1151</CharacterOffsetEnd>
            <POS>IN</POS>
          </token>
          <token id="14">
            <word>a</word>
            <lemma>a</lemma>
            <CharacterOffsetBegin>1152</CharacterOffsetBegin>
            <CharacterOffsetEnd>1153</CharacterOffsetEnd>
            <POS>DT</POS>
          </token>
          <token id="15">
            <word>helicopter</word>
            <lemma>helicopter</lemma>
            <CharacterOffsetBegin>1154</CharacterOffsetBegin>
            <CharacterOffsetEnd>1164</CharacterOffsetEnd>
            <POS>NN</POS>
          </token>
          <token id="16">
            <word>.</word>
            <lemma>.</lemma>
            <CharacterOffsetBegin>1164</CharacterOffsetBegin>
            <CharacterOffsetEnd>1165</CharacterOffsetEnd>
            <POS>.</POS>
          </token>
        </tokens>
      </sentence>
      <sentence id="11">
        <tokens>
          <token id="1">
            <word>The</word>
            <lemma>the</lemma>
            <CharacterOffsetBegin>1169</CharacterOffsetBegin>
            <CharacterOffsetEnd>1172</CharacterOffsetEnd>
            <POS>DT</POS>
          </token>
          <token id="2">
            <word>F-16</word>
            <lemma>f-16</lemma>
            <CharacterOffsetBegin>1173</CharacterOffsetBegin>
            <CharacterOffsetEnd>1177</CharacterOffsetEnd>
            <POS>NN</POS>
          </token>
          <token id="3">
            <word>,</word>
            <lemma>,</lemma>
            <CharacterOffsetBegin>1177</CharacterOffsetBegin>
            <CharacterOffsetEnd>1178</CharacterOffsetEnd>
            <POS>,</POS>
          </token>
          <token id="4">
            <word>a</word>
            <lemma>a</lemma>
            <CharacterOffsetBegin>1179</CharacterOffsetBegin>
            <CharacterOffsetEnd>1180</CharacterOffsetEnd>
            <POS>DT</POS>
          </token>
          <token id="5">
            <word>powerful</word>
            <lemma>powerful</lemma>
            <CharacterOffsetBegin>1181</CharacterOffsetBegin>
            <CharacterOffsetEnd>1189</CharacterOffsetEnd>
            <POS>JJ</POS>
          </token>
          <token id="6">
            <word>air-to-surface</word>
            <lemma>air-to-surface</lemma>
            <CharacterOffsetBegin>1190</CharacterOffsetBegin>
            <CharacterOffsetEnd>1204</CharacterOffsetEnd>
            <POS>NN</POS>
          </token>
          <token id="7">
            <word>fighter</word>
            <lemma>fighter</lemma>
            <CharacterOffsetBegin>1205</CharacterOffsetBegin>
            <CharacterOffsetEnd>1212</CharacterOffsetEnd>
            <POS>NN</POS>
          </token>
          <token id="8">
            <word>,</word>
            <lemma>,</lemma>
            <CharacterOffsetBegin>1212</CharacterOffsetBegin>
            <CharacterOffsetEnd>1213</CharacterOffsetEnd>
            <POS>,</POS>
          </token>
          <token id="9">
            <word>has</word>
            <lemma>have</lemma>
            <CharacterOffsetBegin>1214</CharacterOffsetBegin>
            <CharacterOffsetEnd>1217</CharacterOffsetEnd>
            <POS>VBZ</POS>
          </token>
          <token id="10">
            <word>a</word>
            <lemma>a</lemma>
            <CharacterOffsetBegin>1218</CharacterOffsetBegin>
            <CharacterOffsetEnd>1219</CharacterOffsetEnd>
            <POS>DT</POS>
          </token>
          <token id="11">
            <word>combat</word>
            <lemma>combat</lemma>
            <CharacterOffsetBegin>1220</CharacterOffsetBegin>
            <CharacterOffsetEnd>1226</CharacterOffsetEnd>
            <POS>NN</POS>
          </token>
          <token id="12">
            <word>range</word>
            <lemma>range</lemma>
            <CharacterOffsetBegin>1227</CharacterOffsetBegin>
            <CharacterOffsetEnd>1232</CharacterOffsetEnd>
            <POS>NN</POS>
          </token>
          <token id="13">
            <word>of</word>
            <lemma>of</lemma>
            <CharacterOffsetBegin>1233</CharacterOffsetBegin>
            <CharacterOffsetEnd>1235</CharacterOffsetEnd>
            <POS>IN</POS>
          </token>
          <token id="14">
            <word>about</word>
            <lemma>about</lemma>
            <CharacterOffsetBegin>1236</CharacterOffsetBegin>
            <CharacterOffsetEnd>1241</CharacterOffsetEnd>
            <POS>IN</POS>
          </token>
          <token id="15">
            <word>575</word>
            <lemma>575</lemma>
            <CharacterOffsetBegin>1242</CharacterOffsetBegin>
            <CharacterOffsetEnd>1245</CharacterOffsetEnd>
            <POS>CD</POS>
          </token>
          <token id="16">
            <word>miles</word>
            <lemma>mile</lemma>
            <CharacterOffsetBegin>1246</CharacterOffsetBegin>
            <CharacterOffsetEnd>1251</CharacterOffsetEnd>
            <POS>NNS</POS>
          </token>
          <token id="17">
            <word>,</word>
            <lemma>,</lemma>
            <CharacterOffsetBegin>1251</CharacterOffsetBegin>
            <CharacterOffsetEnd>1252</CharacterOffsetEnd>
            <POS>,</POS>
          </token>
          <token id="18">
            <word>according</word>
            <lemma>accord</lemma>
            <CharacterOffsetBegin>1253</CharacterOffsetBegin>
            <CharacterOffsetEnd>1262</CharacterOffsetEnd>
            <POS>VBG</POS>
          </token>
          <token id="19">
            <word>to</word>
            <lemma>to</lemma>
            <CharacterOffsetBegin>1263</CharacterOffsetBegin>
            <CharacterOffsetEnd>1265</CharacterOffsetEnd>
            <POS>TO</POS>
          </token>
          <token id="20">
            <word>Jane</word>
            <lemma>Jane</lemma>
            <CharacterOffsetBegin>1266</CharacterOffsetBegin>
            <CharacterOffsetEnd>1270</CharacterOffsetEnd>
            <POS>NNP</POS>
          </token>
          <token id="21">
            <word>'s</word>
            <lemma>'s</lemma>
            <CharacterOffsetBegin>1270</CharacterOffsetBegin>
            <CharacterOffsetEnd>1272</CharacterOffsetEnd>
            <POS>POS</POS>
          </token>
          <token id="22">
            <word>``</word>
            <lemma>``</lemma>
            <CharacterOffsetBegin>1273</CharacterOffsetBegin>
            <CharacterOffsetEnd>1275</CharacterOffsetEnd>
            <POS>``</POS>
          </token>
          <token id="23">
            <word>All</word>
            <lemma>all</lemma>
            <CharacterOffsetBegin>1275</CharacterOffsetBegin>
            <CharacterOffsetEnd>1278</CharacterOffsetEnd>
            <POS>DT</POS>
          </token>
          <token id="24">
            <word>The</word>
            <lemma>the</lemma>
            <CharacterOffsetBegin>1279</CharacterOffsetBegin>
            <CharacterOffsetEnd>1282</CharacterOffsetEnd>
            <POS>DT</POS>
          </token>
          <token id="25">
            <word>World</word>
            <lemma>World</lemma>
            <CharacterOffsetBegin>1283</CharacterOffsetBegin>
            <CharacterOffsetEnd>1288</CharacterOffsetEnd>
            <POS>NNP</POS>
          </token>
          <token id="26">
            <word>'s</word>
            <lemma>'s</lemma>
            <CharacterOffsetBegin>1288</CharacterOffsetBegin>
            <CharacterOffsetEnd>1290</CharacterOffsetEnd>
            <POS>POS</POS>
          </token>
          <token id="27">
            <word>Aircraft</word>
            <lemma>Aircraft</lemma>
            <CharacterOffsetBegin>1291</CharacterOffsetBegin>
            <CharacterOffsetEnd>1299</CharacterOffsetEnd>
            <POS>NNP</POS>
          </token>
          <token id="28">
            <word>.</word>
            <lemma>.</lemma>
            <CharacterOffsetBegin>1299</CharacterOffsetBegin>
            <CharacterOffsetEnd>1300</CharacterOffsetEnd>
            <POS>.</POS>
          </token>
          <token id="29">
            <word>''</word>
            <lemma>''</lemma>
            <CharacterOffsetBegin>1300</CharacterOffsetBegin>
            <CharacterOffsetEnd>1302</CharacterOffsetEnd>
            <POS>''</POS>
          </token>
        </tokens>
      </sentence>
      <sentence id="12">
        <tokens>
          <token id="1">
            <word>About</word>
            <lemma>about</lemma>
            <CharacterOffsetBegin>1306</CharacterOffsetBegin>
            <CharacterOffsetEnd>1311</CharacterOffsetEnd>
            <POS>IN</POS>
          </token>
          <token id="2">
            <word>50</word>
            <lemma>50</lemma>
            <CharacterOffsetBegin>1312</CharacterOffsetBegin>
            <CharacterOffsetEnd>1314</CharacterOffsetEnd>
            <POS>CD</POS>
          </token>
          <token id="3">
            <word>F-16s</word>
            <lemma>f-16</lemma>
            <CharacterOffsetBegin>1315</CharacterOffsetBegin>
            <CharacterOffsetEnd>1320</CharacterOffsetEnd>
            <POS>NNS</POS>
          </token>
          <token id="4">
            <word>are</word>
            <lemma>be</lemma>
            <CharacterOffsetBegin>1321</CharacterOffsetBegin>
            <CharacterOffsetEnd>1324</CharacterOffsetEnd>
            <POS>VBP</POS>
          </token>
          <token id="5">
            <word>stationed</word>
            <lemma>station</lemma>
            <CharacterOffsetBegin>1325</CharacterOffsetBegin>
            <CharacterOffsetEnd>1334</CharacterOffsetEnd>
            <POS>VBN</POS>
          </token>
          <token id="6">
            <word>at</word>
            <lemma>at</lemma>
            <CharacterOffsetBegin>1335</CharacterOffsetBegin>
            <CharacterOffsetEnd>1337</CharacterOffsetEnd>
            <POS>IN</POS>
          </token>
          <token id="7">
            <word>Misawa</word>
            <lemma>Misawa</lemma>
            <CharacterOffsetBegin>1338</CharacterOffsetBegin>
            <CharacterOffsetEnd>1344</CharacterOffsetEnd>
            <POS>NNP</POS>
          </token>
          <token id="8">
            <word>.</word>
            <lemma>.</lemma>
            <CharacterOffsetBegin>1344</CharacterOffsetBegin>
            <CharacterOffsetEnd>1345</CharacterOffsetEnd>
            <POS>.</POS>
          </token>
        </tokens>
      </sentence>
      <sentence id="13">
        <tokens>
          <token id="1">
            <word>Misawa</word>
            <lemma>Misawa</lemma>
            <CharacterOffsetBegin>1346</CharacterOffsetBegin>
            <CharacterOffsetEnd>1352</CharacterOffsetEnd>
            <POS>NNP</POS>
          </token>
          <token id="2">
            <word>is</word>
            <lemma>be</lemma>
            <CharacterOffsetBegin>1353</CharacterOffsetBegin>
            <CharacterOffsetEnd>1355</CharacterOffsetEnd>
            <POS>VBZ</POS>
          </token>
          <token id="3">
            <word>located</word>
            <lemma>located</lemma>
            <CharacterOffsetBegin>1356</CharacterOffsetBegin>
            <CharacterOffsetEnd>1363</CharacterOffsetEnd>
            <POS>JJ</POS>
          </token>
          <token id="4">
            <word>about</word>
            <lemma>about</lemma>
            <CharacterOffsetBegin>1364</CharacterOffsetBegin>
            <CharacterOffsetEnd>1369</CharacterOffsetEnd>
            <POS>IN</POS>
          </token>
          <token id="5">
            <word>440</word>
            <lemma>440</lemma>
            <CharacterOffsetBegin>1370</CharacterOffsetBegin>
            <CharacterOffsetEnd>1373</CharacterOffsetEnd>
            <POS>CD</POS>
          </token>
          <token id="6">
            <word>miles</word>
            <lemma>mile</lemma>
            <CharacterOffsetBegin>1374</CharacterOffsetBegin>
            <CharacterOffsetEnd>1379</CharacterOffsetEnd>
            <POS>NNS</POS>
          </token>
          <token id="7">
            <word>south</word>
            <lemma>south</lemma>
            <CharacterOffsetBegin>1380</CharacterOffsetBegin>
            <CharacterOffsetEnd>1385</CharacterOffsetEnd>
            <POS>RB</POS>
          </token>
          <token id="8">
            <word>of</word>
            <lemma>of</lemma>
            <CharacterOffsetBegin>1386</CharacterOffsetBegin>
            <CharacterOffsetEnd>1388</CharacterOffsetEnd>
            <POS>IN</POS>
          </token>
          <token id="9">
            <word>a</word>
            <lemma>a</lemma>
            <CharacterOffsetBegin>1389</CharacterOffsetBegin>
            <CharacterOffsetEnd>1390</CharacterOffsetEnd>
            <POS>DT</POS>
          </token>
          <token id="10">
            <word>Soviet</word>
            <lemma>soviet</lemma>
            <CharacterOffsetBegin>1391</CharacterOffsetBegin>
            <CharacterOffsetEnd>1397</CharacterOffsetEnd>
            <POS>JJ</POS>
          </token>
          <token id="11">
            <word>military</word>
            <lemma>military</lemma>
            <CharacterOffsetBegin>1398</CharacterOffsetBegin>
            <CharacterOffsetEnd>1406</CharacterOffsetEnd>
            <POS>JJ</POS>
          </token>
          <token id="12">
            <word>base</word>
            <lemma>base</lemma>
            <CharacterOffsetBegin>1407</CharacterOffsetBegin>
            <CharacterOffsetEnd>1411</CharacterOffsetEnd>
            <POS>NN</POS>
          </token>
          <token id="13">
            <word>near</word>
            <lemma>near</lemma>
            <CharacterOffsetBegin>1412</CharacterOffsetBegin>
            <CharacterOffsetEnd>1416</CharacterOffsetEnd>
            <POS>IN</POS>
          </token>
          <token id="14">
            <word>Yuzhno</word>
            <lemma>Yuzhno</lemma>
            <CharacterOffsetBegin>1417</CharacterOffsetBegin>
            <CharacterOffsetEnd>1423</CharacterOffsetEnd>
            <POS>NNP</POS>
          </token>
          <token id="15">
            <word>Sakhalinsk</word>
            <lemma>Sakhalinsk</lemma>
            <CharacterOffsetBegin>1424</CharacterOffsetBegin>
            <CharacterOffsetEnd>1434</CharacterOffsetEnd>
            <POS>NNP</POS>
          </token>
          <token id="16">
            <word>on</word>
            <lemma>on</lemma>
            <CharacterOffsetBegin>1435</CharacterOffsetBegin>
            <CharacterOffsetEnd>1437</CharacterOffsetEnd>
            <POS>IN</POS>
          </token>
          <token id="17">
            <word>the</word>
            <lemma>the</lemma>
            <CharacterOffsetBegin>1438</CharacterOffsetBegin>
            <CharacterOffsetEnd>1441</CharacterOffsetEnd>
            <POS>DT</POS>
          </token>
          <token id="18">
            <word>island</word>
            <lemma>island</lemma>
            <CharacterOffsetBegin>1442</CharacterOffsetBegin>
            <CharacterOffsetEnd>1448</CharacterOffsetEnd>
            <POS>NN</POS>
          </token>
          <token id="19">
            <word>of</word>
            <lemma>of</lemma>
            <CharacterOffsetBegin>1449</CharacterOffsetBegin>
            <CharacterOffsetEnd>1451</CharacterOffsetEnd>
            <POS>IN</POS>
          </token>
          <token id="20">
            <word>Sakhalin</word>
            <lemma>Sakhalin</lemma>
            <CharacterOffsetBegin>1452</CharacterOffsetBegin>
            <CharacterOffsetEnd>1460</CharacterOffsetEnd>
            <POS>NNP</POS>
          </token>
          <token id="21">
            <word>.</word>
            <lemma>.</lemma>
            <CharacterOffsetBegin>1460</CharacterOffsetBegin>
            <CharacterOffsetEnd>1461</CharacterOffsetEnd>
            <POS>.</POS>
          </token>
        </tokens>
      </sentence>
    </sentences>
  </document>
</root>
