<?xml version="1.0" encoding="UTF-8"?>
<?xml-stylesheet href="CoreNLP-to-HTML.xsl" type="text/xsl"?>
<root>
  <document>
    <sentences>
      <sentence id="1">
        <tokens>
          <token id="1">
            <word>A</word>
            <lemma>a</lemma>
            <CharacterOffsetBegin>4</CharacterOffsetBegin>
            <CharacterOffsetEnd>5</CharacterOffsetEnd>
            <POS>DT</POS>
          </token>
          <token id="2">
            <word>death</word>
            <lemma>death</lemma>
            <CharacterOffsetBegin>6</CharacterOffsetBegin>
            <CharacterOffsetEnd>11</CharacterOffsetEnd>
            <POS>NN</POS>
          </token>
          <token id="3">
            <word>squad</word>
            <lemma>squad</lemma>
            <CharacterOffsetBegin>12</CharacterOffsetBegin>
            <CharacterOffsetEnd>17</CharacterOffsetEnd>
            <POS>NN</POS>
          </token>
          <token id="4">
            <word>opposed</word>
            <lemma>oppose</lemma>
            <CharacterOffsetBegin>18</CharacterOffsetBegin>
            <CharacterOffsetEnd>25</CharacterOffsetEnd>
            <POS>VBD</POS>
          </token>
          <token id="5">
            <word>to</word>
            <lemma>to</lemma>
            <CharacterOffsetBegin>26</CharacterOffsetBegin>
            <CharacterOffsetEnd>28</CharacterOffsetEnd>
            <POS>TO</POS>
          </token>
          <token id="6">
            <word>the</word>
            <lemma>the</lemma>
            <CharacterOffsetBegin>29</CharacterOffsetBegin>
            <CharacterOffsetEnd>32</CharacterOffsetEnd>
            <POS>DT</POS>
          </token>
          <token id="7">
            <word>Shining</word>
            <lemma>shine</lemma>
            <CharacterOffsetBegin>33</CharacterOffsetBegin>
            <CharacterOffsetEnd>40</CharacterOffsetEnd>
            <POS>VBG</POS>
          </token>
          <token id="8">
            <word>Path</word>
            <lemma>path</lemma>
            <CharacterOffsetBegin>41</CharacterOffsetBegin>
            <CharacterOffsetEnd>45</CharacterOffsetEnd>
            <POS>NN</POS>
          </token>
          <token id="9">
            <word>guerrillas</word>
            <lemma>guerrilla</lemma>
            <CharacterOffsetBegin>46</CharacterOffsetBegin>
            <CharacterOffsetEnd>56</CharacterOffsetEnd>
            <POS>NNS</POS>
          </token>
          <token id="10">
            <word>has</word>
            <lemma>have</lemma>
            <CharacterOffsetBegin>57</CharacterOffsetBegin>
            <CharacterOffsetEnd>60</CharacterOffsetEnd>
            <POS>VBZ</POS>
          </token>
          <token id="11">
            <word>threatened</word>
            <lemma>threaten</lemma>
            <CharacterOffsetBegin>61</CharacterOffsetBegin>
            <CharacterOffsetEnd>71</CharacterOffsetEnd>
            <POS>VBN</POS>
          </token>
          <token id="12">
            <word>to</word>
            <lemma>to</lemma>
            <CharacterOffsetBegin>72</CharacterOffsetBegin>
            <CharacterOffsetEnd>74</CharacterOffsetEnd>
            <POS>TO</POS>
          </token>
          <token id="13">
            <word>kill</word>
            <lemma>kill</lemma>
            <CharacterOffsetBegin>75</CharacterOffsetBegin>
            <CharacterOffsetEnd>79</CharacterOffsetEnd>
            <POS>VB</POS>
          </token>
          <token id="14">
            <word>a</word>
            <lemma>a</lemma>
            <CharacterOffsetBegin>80</CharacterOffsetBegin>
            <CharacterOffsetEnd>81</CharacterOffsetEnd>
            <POS>DT</POS>
          </token>
          <token id="15">
            <word>district</word>
            <lemma>district</lemma>
            <CharacterOffsetBegin>82</CharacterOffsetBegin>
            <CharacterOffsetEnd>90</CharacterOffsetEnd>
            <POS>NN</POS>
          </token>
          <token id="16">
            <word>attorney</word>
            <lemma>attorney</lemma>
            <CharacterOffsetBegin>91</CharacterOffsetBegin>
            <CharacterOffsetEnd>99</CharacterOffsetEnd>
            <POS>NN</POS>
          </token>
          <token id="17">
            <word>if</word>
            <lemma>if</lemma>
            <CharacterOffsetBegin>100</CharacterOffsetBegin>
            <CharacterOffsetEnd>102</CharacterOffsetEnd>
            <POS>IN</POS>
          </token>
          <token id="18">
            <word>he</word>
            <lemma>he</lemma>
            <CharacterOffsetBegin>103</CharacterOffsetBegin>
            <CharacterOffsetEnd>105</CharacterOffsetEnd>
            <POS>PRP</POS>
          </token>
          <token id="19">
            <word>investigates</word>
            <lemma>investigate</lemma>
            <CharacterOffsetBegin>106</CharacterOffsetBegin>
            <CharacterOffsetEnd>118</CharacterOffsetEnd>
            <POS>VBZ</POS>
          </token>
          <token id="20">
            <word>charges</word>
            <lemma>charge</lemma>
            <CharacterOffsetBegin>119</CharacterOffsetBegin>
            <CharacterOffsetEnd>126</CharacterOffsetEnd>
            <POS>NNS</POS>
          </token>
          <token id="21">
            <word>that</word>
            <lemma>that</lemma>
            <CharacterOffsetBegin>127</CharacterOffsetBegin>
            <CharacterOffsetEnd>131</CharacterOffsetEnd>
            <POS>WDT</POS>
          </token>
          <token id="22">
            <word>soldiers</word>
            <lemma>soldier</lemma>
            <CharacterOffsetBegin>132</CharacterOffsetBegin>
            <CharacterOffsetEnd>140</CharacterOffsetEnd>
            <POS>NNS</POS>
          </token>
          <token id="23">
            <word>massacred</word>
            <lemma>massacre</lemma>
            <CharacterOffsetBegin>141</CharacterOffsetBegin>
            <CharacterOffsetEnd>150</CharacterOffsetEnd>
            <POS>VBD</POS>
          </token>
          <token id="24">
            <word>dozens</word>
            <lemma>dozen</lemma>
            <CharacterOffsetBegin>151</CharacterOffsetBegin>
            <CharacterOffsetEnd>157</CharacterOffsetEnd>
            <POS>NNS</POS>
          </token>
          <token id="25">
            <word>of</word>
            <lemma>of</lemma>
            <CharacterOffsetBegin>158</CharacterOffsetBegin>
            <CharacterOffsetEnd>160</CharacterOffsetEnd>
            <POS>IN</POS>
          </token>
          <token id="26">
            <word>peasants</word>
            <lemma>peasant</lemma>
            <CharacterOffsetBegin>161</CharacterOffsetBegin>
            <CharacterOffsetEnd>169</CharacterOffsetEnd>
            <POS>NNS</POS>
          </token>
          <token id="27">
            <word>,</word>
            <lemma>,</lemma>
            <CharacterOffsetBegin>169</CharacterOffsetBegin>
            <CharacterOffsetEnd>170</CharacterOffsetEnd>
            <POS>,</POS>
          </token>
          <token id="28">
            <word>his</word>
            <lemma>he</lemma>
            <CharacterOffsetBegin>171</CharacterOffsetBegin>
            <CharacterOffsetEnd>174</CharacterOffsetEnd>
            <POS>PRP$</POS>
          </token>
          <token id="29">
            <word>office</word>
            <lemma>office</lemma>
            <CharacterOffsetBegin>175</CharacterOffsetBegin>
            <CharacterOffsetEnd>181</CharacterOffsetEnd>
            <POS>NN</POS>
          </token>
          <token id="30">
            <word>said</word>
            <lemma>say</lemma>
            <CharacterOffsetBegin>182</CharacterOffsetBegin>
            <CharacterOffsetEnd>186</CharacterOffsetEnd>
            <POS>VBD</POS>
          </token>
          <token id="31">
            <word>Tuesday</word>
            <lemma>Tuesday</lemma>
            <CharacterOffsetBegin>187</CharacterOffsetBegin>
            <CharacterOffsetEnd>194</CharacterOffsetEnd>
            <POS>NNP</POS>
          </token>
          <token id="32">
            <word>.</word>
            <lemma>.</lemma>
            <CharacterOffsetBegin>194</CharacterOffsetBegin>
            <CharacterOffsetEnd>195</CharacterOffsetEnd>
            <POS>.</POS>
          </token>
        </tokens>
      </sentence>
      <sentence id="2">
        <tokens>
          <token id="1">
            <word>Police</word>
            <lemma>police</lemma>
            <CharacterOffsetBegin>199</CharacterOffsetBegin>
            <CharacterOffsetEnd>205</CharacterOffsetEnd>
            <POS>NNS</POS>
          </token>
          <token id="2">
            <word>said</word>
            <lemma>say</lemma>
            <CharacterOffsetBegin>206</CharacterOffsetBegin>
            <CharacterOffsetEnd>210</CharacterOffsetEnd>
            <POS>VBD</POS>
          </token>
          <token id="3">
            <word>members</word>
            <lemma>member</lemma>
            <CharacterOffsetBegin>211</CharacterOffsetBegin>
            <CharacterOffsetEnd>218</CharacterOffsetEnd>
            <POS>NNS</POS>
          </token>
          <token id="4">
            <word>of</word>
            <lemma>of</lemma>
            <CharacterOffsetBegin>219</CharacterOffsetBegin>
            <CharacterOffsetEnd>221</CharacterOffsetEnd>
            <POS>IN</POS>
          </token>
          <token id="5">
            <word>Shining</word>
            <lemma>shine</lemma>
            <CharacterOffsetBegin>222</CharacterOffsetBegin>
            <CharacterOffsetEnd>229</CharacterOffsetEnd>
            <POS>VBG</POS>
          </token>
          <token id="6">
            <word>Path</word>
            <lemma>path</lemma>
            <CharacterOffsetBegin>230</CharacterOffsetBegin>
            <CharacterOffsetEnd>234</CharacterOffsetEnd>
            <POS>NN</POS>
          </token>
          <token id="7">
            <word>,</word>
            <lemma>,</lemma>
            <CharacterOffsetBegin>234</CharacterOffsetBegin>
            <CharacterOffsetEnd>235</CharacterOffsetEnd>
            <POS>,</POS>
          </token>
          <token id="8">
            <word>a</word>
            <lemma>a</lemma>
            <CharacterOffsetBegin>236</CharacterOffsetBegin>
            <CharacterOffsetEnd>237</CharacterOffsetEnd>
            <POS>DT</POS>
          </token>
          <token id="9">
            <word>Maoist</word>
            <lemma>maoist</lemma>
            <CharacterOffsetBegin>238</CharacterOffsetBegin>
            <CharacterOffsetEnd>244</CharacterOffsetEnd>
            <POS>JJ</POS>
          </token>
          <token id="10">
            <word>group</word>
            <lemma>group</lemma>
            <CharacterOffsetBegin>245</CharacterOffsetBegin>
            <CharacterOffsetEnd>250</CharacterOffsetEnd>
            <POS>NN</POS>
          </token>
          <token id="11">
            <word>,</word>
            <lemma>,</lemma>
            <CharacterOffsetBegin>250</CharacterOffsetBegin>
            <CharacterOffsetEnd>251</CharacterOffsetEnd>
            <POS>,</POS>
          </token>
          <token id="12">
            <word>killed</word>
            <lemma>kill</lemma>
            <CharacterOffsetBegin>252</CharacterOffsetBegin>
            <CharacterOffsetEnd>258</CharacterOffsetEnd>
            <POS>VBD</POS>
          </token>
          <token id="13">
            <word>two</word>
            <lemma>two</lemma>
            <CharacterOffsetBegin>259</CharacterOffsetBegin>
            <CharacterOffsetEnd>262</CharacterOffsetEnd>
            <POS>CD</POS>
          </token>
          <token id="14">
            <word>policemen</word>
            <lemma>policeman</lemma>
            <CharacterOffsetBegin>263</CharacterOffsetBegin>
            <CharacterOffsetEnd>272</CharacterOffsetEnd>
            <POS>NNS</POS>
          </token>
          <token id="15">
            <word>and</word>
            <lemma>and</lemma>
            <CharacterOffsetBegin>273</CharacterOffsetBegin>
            <CharacterOffsetEnd>276</CharacterOffsetEnd>
            <POS>CC</POS>
          </token>
          <token id="16">
            <word>wounded</word>
            <lemma>wound</lemma>
            <CharacterOffsetBegin>277</CharacterOffsetBegin>
            <CharacterOffsetEnd>284</CharacterOffsetEnd>
            <POS>VBD</POS>
          </token>
          <token id="17">
            <word>three</word>
            <lemma>three</lemma>
            <CharacterOffsetBegin>285</CharacterOffsetBegin>
            <CharacterOffsetEnd>290</CharacterOffsetEnd>
            <POS>CD</POS>
          </token>
          <token id="18">
            <word>in</word>
            <lemma>in</lemma>
            <CharacterOffsetBegin>291</CharacterOffsetBegin>
            <CharacterOffsetEnd>293</CharacterOffsetEnd>
            <POS>IN</POS>
          </token>
          <token id="19">
            <word>jungle</word>
            <lemma>jungle</lemma>
            <CharacterOffsetBegin>294</CharacterOffsetBegin>
            <CharacterOffsetEnd>300</CharacterOffsetEnd>
            <POS>NN</POS>
          </token>
          <token id="20">
            <word>raids</word>
            <lemma>raid</lemma>
            <CharacterOffsetBegin>301</CharacterOffsetBegin>
            <CharacterOffsetEnd>306</CharacterOffsetEnd>
            <POS>NNS</POS>
          </token>
          <token id="21">
            <word>.</word>
            <lemma>.</lemma>
            <CharacterOffsetBegin>306</CharacterOffsetBegin>
            <CharacterOffsetEnd>307</CharacterOffsetEnd>
            <POS>.</POS>
          </token>
        </tokens>
      </sentence>
      <sentence id="3">
        <tokens>
          <token id="1">
            <word>The</word>
            <lemma>the</lemma>
            <CharacterOffsetBegin>311</CharacterOffsetBegin>
            <CharacterOffsetEnd>314</CharacterOffsetEnd>
            <POS>DT</POS>
          </token>
          <token id="2">
            <word>Rodrigo</word>
            <lemma>Rodrigo</lemma>
            <CharacterOffsetBegin>315</CharacterOffsetBegin>
            <CharacterOffsetEnd>322</CharacterOffsetEnd>
            <POS>NNP</POS>
          </token>
          <token id="3">
            <word>Franco</word>
            <lemma>Franco</lemma>
            <CharacterOffsetBegin>323</CharacterOffsetBegin>
            <CharacterOffsetEnd>329</CharacterOffsetEnd>
            <POS>NNP</POS>
          </token>
          <token id="4">
            <word>Command</word>
            <lemma>command</lemma>
            <CharacterOffsetBegin>330</CharacterOffsetBegin>
            <CharacterOffsetEnd>337</CharacterOffsetEnd>
            <POS>NN</POS>
          </token>
          <token id="5">
            <word>,</word>
            <lemma>,</lemma>
            <CharacterOffsetBegin>337</CharacterOffsetBegin>
            <CharacterOffsetEnd>338</CharacterOffsetEnd>
            <POS>,</POS>
          </token>
          <token id="6">
            <word>which</word>
            <lemma>which</lemma>
            <CharacterOffsetBegin>339</CharacterOffsetBegin>
            <CharacterOffsetEnd>344</CharacterOffsetEnd>
            <POS>WDT</POS>
          </token>
          <token id="7">
            <word>has</word>
            <lemma>have</lemma>
            <CharacterOffsetBegin>345</CharacterOffsetBegin>
            <CharacterOffsetEnd>348</CharacterOffsetEnd>
            <POS>VBZ</POS>
          </token>
          <token id="8">
            <word>vowed</word>
            <lemma>vow</lemma>
            <CharacterOffsetBegin>349</CharacterOffsetBegin>
            <CharacterOffsetEnd>354</CharacterOffsetEnd>
            <POS>VBN</POS>
          </token>
          <token id="9">
            <word>to</word>
            <lemma>to</lemma>
            <CharacterOffsetBegin>355</CharacterOffsetBegin>
            <CharacterOffsetEnd>357</CharacterOffsetEnd>
            <POS>TO</POS>
          </token>
          <token id="10">
            <word>kill</word>
            <lemma>kill</lemma>
            <CharacterOffsetBegin>358</CharacterOffsetBegin>
            <CharacterOffsetEnd>362</CharacterOffsetEnd>
            <POS>VB</POS>
          </token>
          <token id="11">
            <word>a</word>
            <lemma>a</lemma>
            <CharacterOffsetBegin>363</CharacterOffsetBegin>
            <CharacterOffsetEnd>364</CharacterOffsetEnd>
            <POS>DT</POS>
          </token>
          <token id="12">
            <word>Shining</word>
            <lemma>shine</lemma>
            <CharacterOffsetBegin>365</CharacterOffsetBegin>
            <CharacterOffsetEnd>372</CharacterOffsetEnd>
            <POS>VBG</POS>
          </token>
          <token id="13">
            <word>Path</word>
            <lemma>path</lemma>
            <CharacterOffsetBegin>373</CharacterOffsetBegin>
            <CharacterOffsetEnd>377</CharacterOffsetEnd>
            <POS>NN</POS>
          </token>
          <token id="14">
            <word>member</word>
            <lemma>member</lemma>
            <CharacterOffsetBegin>378</CharacterOffsetBegin>
            <CharacterOffsetEnd>384</CharacterOffsetEnd>
            <POS>NN</POS>
          </token>
          <token id="15">
            <word>or</word>
            <lemma>or</lemma>
            <CharacterOffsetBegin>385</CharacterOffsetBegin>
            <CharacterOffsetEnd>387</CharacterOffsetEnd>
            <POS>CC</POS>
          </token>
          <token id="16">
            <word>sympathizer</word>
            <lemma>sympathizer</lemma>
            <CharacterOffsetBegin>388</CharacterOffsetBegin>
            <CharacterOffsetEnd>399</CharacterOffsetEnd>
            <POS>NN</POS>
          </token>
          <token id="17">
            <word>for</word>
            <lemma>for</lemma>
            <CharacterOffsetBegin>400</CharacterOffsetBegin>
            <CharacterOffsetEnd>403</CharacterOffsetEnd>
            <POS>IN</POS>
          </token>
          <token id="18">
            <word>every</word>
            <lemma>every</lemma>
            <CharacterOffsetBegin>404</CharacterOffsetBegin>
            <CharacterOffsetEnd>409</CharacterOffsetEnd>
            <POS>DT</POS>
          </token>
          <token id="19">
            <word>person</word>
            <lemma>person</lemma>
            <CharacterOffsetBegin>410</CharacterOffsetBegin>
            <CharacterOffsetEnd>416</CharacterOffsetEnd>
            <POS>NN</POS>
          </token>
          <token id="20">
            <word>slain</word>
            <lemma>slay</lemma>
            <CharacterOffsetBegin>417</CharacterOffsetBegin>
            <CharacterOffsetEnd>422</CharacterOffsetEnd>
            <POS>VBN</POS>
          </token>
          <token id="21">
            <word>by</word>
            <lemma>by</lemma>
            <CharacterOffsetBegin>423</CharacterOffsetBegin>
            <CharacterOffsetEnd>425</CharacterOffsetEnd>
            <POS>IN</POS>
          </token>
          <token id="22">
            <word>guerrillas</word>
            <lemma>guerrilla</lemma>
            <CharacterOffsetBegin>426</CharacterOffsetBegin>
            <CharacterOffsetEnd>436</CharacterOffsetEnd>
            <POS>NNS</POS>
          </token>
          <token id="23">
            <word>,</word>
            <lemma>,</lemma>
            <CharacterOffsetBegin>436</CharacterOffsetBegin>
            <CharacterOffsetEnd>437</CharacterOffsetEnd>
            <POS>,</POS>
          </token>
          <token id="24">
            <word>issued</word>
            <lemma>issue</lemma>
            <CharacterOffsetBegin>438</CharacterOffsetBegin>
            <CharacterOffsetEnd>444</CharacterOffsetEnd>
            <POS>VBD</POS>
          </token>
          <token id="25">
            <word>the</word>
            <lemma>the</lemma>
            <CharacterOffsetBegin>445</CharacterOffsetBegin>
            <CharacterOffsetEnd>448</CharacterOffsetEnd>
            <POS>DT</POS>
          </token>
          <token id="26">
            <word>threat</word>
            <lemma>threat</lemma>
            <CharacterOffsetBegin>449</CharacterOffsetBegin>
            <CharacterOffsetEnd>455</CharacterOffsetEnd>
            <POS>NN</POS>
          </token>
          <token id="27">
            <word>against</word>
            <lemma>against</lemma>
            <CharacterOffsetBegin>456</CharacterOffsetBegin>
            <CharacterOffsetEnd>463</CharacterOffsetEnd>
            <POS>IN</POS>
          </token>
          <token id="28">
            <word>District</word>
            <lemma>District</lemma>
            <CharacterOffsetBegin>464</CharacterOffsetBegin>
            <CharacterOffsetEnd>472</CharacterOffsetEnd>
            <POS>NNP</POS>
          </token>
          <token id="29">
            <word>Attorney</word>
            <lemma>Attorney</lemma>
            <CharacterOffsetBegin>473</CharacterOffsetBegin>
            <CharacterOffsetEnd>481</CharacterOffsetEnd>
            <POS>NNP</POS>
          </token>
          <token id="30">
            <word>Carlos</word>
            <lemma>Carlos</lemma>
            <CharacterOffsetBegin>482</CharacterOffsetBegin>
            <CharacterOffsetEnd>488</CharacterOffsetEnd>
            <POS>NNP</POS>
          </token>
          <token id="31">
            <word>Escobar</word>
            <lemma>Escobar</lemma>
            <CharacterOffsetBegin>489</CharacterOffsetBegin>
            <CharacterOffsetEnd>496</CharacterOffsetEnd>
            <POS>NNP</POS>
          </token>
          <token id="32">
            <word>on</word>
            <lemma>on</lemma>
            <CharacterOffsetBegin>497</CharacterOffsetBegin>
            <CharacterOffsetEnd>499</CharacterOffsetEnd>
            <POS>IN</POS>
          </token>
          <token id="33">
            <word>Monday</word>
            <lemma>Monday</lemma>
            <CharacterOffsetBegin>500</CharacterOffsetBegin>
            <CharacterOffsetEnd>506</CharacterOffsetEnd>
            <POS>NNP</POS>
          </token>
          <token id="34">
            <word>,</word>
            <lemma>,</lemma>
            <CharacterOffsetBegin>506</CharacterOffsetBegin>
            <CharacterOffsetEnd>507</CharacterOffsetEnd>
            <POS>,</POS>
          </token>
          <token id="35">
            <word>according</word>
            <lemma>accord</lemma>
            <CharacterOffsetBegin>508</CharacterOffsetBegin>
            <CharacterOffsetEnd>517</CharacterOffsetEnd>
            <POS>VBG</POS>
          </token>
          <token id="36">
            <word>to</word>
            <lemma>to</lemma>
            <CharacterOffsetBegin>518</CharacterOffsetBegin>
            <CharacterOffsetEnd>520</CharacterOffsetEnd>
            <POS>TO</POS>
          </token>
          <token id="37">
            <word>his</word>
            <lemma>he</lemma>
            <CharacterOffsetBegin>521</CharacterOffsetBegin>
            <CharacterOffsetEnd>524</CharacterOffsetEnd>
            <POS>PRP$</POS>
          </token>
          <token id="38">
            <word>office</word>
            <lemma>office</lemma>
            <CharacterOffsetBegin>525</CharacterOffsetBegin>
            <CharacterOffsetEnd>531</CharacterOffsetEnd>
            <POS>NN</POS>
          </token>
          <token id="39">
            <word>in</word>
            <lemma>in</lemma>
            <CharacterOffsetBegin>532</CharacterOffsetBegin>
            <CharacterOffsetEnd>534</CharacterOffsetEnd>
            <POS>IN</POS>
          </token>
          <token id="40">
            <word>Andean</word>
            <lemma>andean</lemma>
            <CharacterOffsetBegin>535</CharacterOffsetBegin>
            <CharacterOffsetEnd>541</CharacterOffsetEnd>
            <POS>JJ</POS>
          </token>
          <token id="41">
            <word>city</word>
            <lemma>city</lemma>
            <CharacterOffsetBegin>542</CharacterOffsetBegin>
            <CharacterOffsetEnd>546</CharacterOffsetEnd>
            <POS>NN</POS>
          </token>
          <token id="42">
            <word>of</word>
            <lemma>of</lemma>
            <CharacterOffsetBegin>547</CharacterOffsetBegin>
            <CharacterOffsetEnd>549</CharacterOffsetEnd>
            <POS>IN</POS>
          </token>
          <token id="43">
            <word>Ayacucho</word>
            <lemma>Ayacucho</lemma>
            <CharacterOffsetBegin>550</CharacterOffsetBegin>
            <CharacterOffsetEnd>558</CharacterOffsetEnd>
            <POS>NNP</POS>
          </token>
          <token id="44">
            <word>.</word>
            <lemma>.</lemma>
            <CharacterOffsetBegin>558</CharacterOffsetBegin>
            <CharacterOffsetEnd>559</CharacterOffsetEnd>
            <POS>.</POS>
          </token>
        </tokens>
      </sentence>
      <sentence id="4">
        <tokens>
          <token id="1">
            <word>Escobar</word>
            <lemma>Escobar</lemma>
            <CharacterOffsetBegin>563</CharacterOffsetBegin>
            <CharacterOffsetEnd>570</CharacterOffsetEnd>
            <POS>NNP</POS>
          </token>
          <token id="2">
            <word>is</word>
            <lemma>be</lemma>
            <CharacterOffsetBegin>571</CharacterOffsetBegin>
            <CharacterOffsetEnd>573</CharacterOffsetEnd>
            <POS>VBZ</POS>
          </token>
          <token id="3">
            <word>investigating</word>
            <lemma>investigate</lemma>
            <CharacterOffsetBegin>574</CharacterOffsetBegin>
            <CharacterOffsetEnd>587</CharacterOffsetEnd>
            <POS>VBG</POS>
          </token>
          <token id="4">
            <word>charges</word>
            <lemma>charge</lemma>
            <CharacterOffsetBegin>588</CharacterOffsetBegin>
            <CharacterOffsetEnd>595</CharacterOffsetEnd>
            <POS>NNS</POS>
          </token>
          <token id="5">
            <word>that</word>
            <lemma>that</lemma>
            <CharacterOffsetBegin>596</CharacterOffsetBegin>
            <CharacterOffsetEnd>600</CharacterOffsetEnd>
            <POS>WDT</POS>
          </token>
          <token id="6">
            <word>troops</word>
            <lemma>troops</lemma>
            <CharacterOffsetBegin>601</CharacterOffsetBegin>
            <CharacterOffsetEnd>607</CharacterOffsetEnd>
            <POS>NNS</POS>
          </token>
          <token id="7">
            <word>rounded</word>
            <lemma>round</lemma>
            <CharacterOffsetBegin>608</CharacterOffsetBegin>
            <CharacterOffsetEnd>615</CharacterOffsetEnd>
            <POS>VBD</POS>
          </token>
          <token id="8">
            <word>up</word>
            <lemma>up</lemma>
            <CharacterOffsetBegin>616</CharacterOffsetBegin>
            <CharacterOffsetEnd>618</CharacterOffsetEnd>
            <POS>RP</POS>
          </token>
          <token id="9">
            <word>dozens</word>
            <lemma>dozen</lemma>
            <CharacterOffsetBegin>619</CharacterOffsetBegin>
            <CharacterOffsetEnd>625</CharacterOffsetEnd>
            <POS>NNS</POS>
          </token>
          <token id="10">
            <word>of</word>
            <lemma>of</lemma>
            <CharacterOffsetBegin>626</CharacterOffsetBegin>
            <CharacterOffsetEnd>628</CharacterOffsetEnd>
            <POS>IN</POS>
          </token>
          <token id="11">
            <word>peasants</word>
            <lemma>peasant</lemma>
            <CharacterOffsetBegin>629</CharacterOffsetBegin>
            <CharacterOffsetEnd>637</CharacterOffsetEnd>
            <POS>NNS</POS>
          </token>
          <token id="12">
            <word>,</word>
            <lemma>,</lemma>
            <CharacterOffsetBegin>637</CharacterOffsetBegin>
            <CharacterOffsetEnd>638</CharacterOffsetEnd>
            <POS>,</POS>
          </token>
          <token id="13">
            <word>accused</word>
            <lemma>accuse</lemma>
            <CharacterOffsetBegin>639</CharacterOffsetBegin>
            <CharacterOffsetEnd>646</CharacterOffsetEnd>
            <POS>VBD</POS>
          </token>
          <token id="14">
            <word>them</word>
            <lemma>they</lemma>
            <CharacterOffsetBegin>647</CharacterOffsetBegin>
            <CharacterOffsetEnd>651</CharacterOffsetEnd>
            <POS>PRP</POS>
          </token>
          <token id="15">
            <word>of</word>
            <lemma>of</lemma>
            <CharacterOffsetBegin>652</CharacterOffsetBegin>
            <CharacterOffsetEnd>654</CharacterOffsetEnd>
            <POS>IN</POS>
          </token>
          <token id="16">
            <word>being</word>
            <lemma>be</lemma>
            <CharacterOffsetBegin>655</CharacterOffsetBegin>
            <CharacterOffsetEnd>660</CharacterOffsetEnd>
            <POS>VBG</POS>
          </token>
          <token id="17">
            <word>Shining</word>
            <lemma>shine</lemma>
            <CharacterOffsetBegin>661</CharacterOffsetBegin>
            <CharacterOffsetEnd>668</CharacterOffsetEnd>
            <POS>VBG</POS>
          </token>
          <token id="18">
            <word>Path</word>
            <lemma>path</lemma>
            <CharacterOffsetBegin>669</CharacterOffsetBegin>
            <CharacterOffsetEnd>673</CharacterOffsetEnd>
            <POS>NN</POS>
          </token>
          <token id="19">
            <word>members</word>
            <lemma>member</lemma>
            <CharacterOffsetBegin>674</CharacterOffsetBegin>
            <CharacterOffsetEnd>681</CharacterOffsetEnd>
            <POS>NNS</POS>
          </token>
          <token id="20">
            <word>and</word>
            <lemma>and</lemma>
            <CharacterOffsetBegin>682</CharacterOffsetBegin>
            <CharacterOffsetEnd>685</CharacterOffsetEnd>
            <POS>CC</POS>
          </token>
          <token id="21">
            <word>killed</word>
            <lemma>kill</lemma>
            <CharacterOffsetBegin>686</CharacterOffsetBegin>
            <CharacterOffsetEnd>692</CharacterOffsetEnd>
            <POS>VBD</POS>
          </token>
          <token id="22">
            <word>them</word>
            <lemma>they</lemma>
            <CharacterOffsetBegin>693</CharacterOffsetBegin>
            <CharacterOffsetEnd>697</CharacterOffsetEnd>
            <POS>PRP</POS>
          </token>
          <token id="23">
            <word>.</word>
            <lemma>.</lemma>
            <CharacterOffsetBegin>697</CharacterOffsetBegin>
            <CharacterOffsetEnd>698</CharacterOffsetEnd>
            <POS>.</POS>
          </token>
        </tokens>
      </sentence>
      <sentence id="5">
        <tokens>
          <token id="1">
            <word>The</word>
            <lemma>the</lemma>
            <CharacterOffsetBegin>699</CharacterOffsetBegin>
            <CharacterOffsetEnd>702</CharacterOffsetEnd>
            <POS>DT</POS>
          </token>
          <token id="2">
            <word>alleged</word>
            <lemma>alleged</lemma>
            <CharacterOffsetBegin>703</CharacterOffsetBegin>
            <CharacterOffsetEnd>710</CharacterOffsetEnd>
            <POS>JJ</POS>
          </token>
          <token id="3">
            <word>massacre</word>
            <lemma>massacre</lemma>
            <CharacterOffsetBegin>711</CharacterOffsetBegin>
            <CharacterOffsetEnd>719</CharacterOffsetEnd>
            <POS>NN</POS>
          </token>
          <token id="4">
            <word>occurred</word>
            <lemma>occur</lemma>
            <CharacterOffsetBegin>720</CharacterOffsetBegin>
            <CharacterOffsetEnd>728</CharacterOffsetEnd>
            <POS>VBD</POS>
          </token>
          <token id="5">
            <word>in</word>
            <lemma>in</lemma>
            <CharacterOffsetBegin>729</CharacterOffsetBegin>
            <CharacterOffsetEnd>731</CharacterOffsetEnd>
            <POS>IN</POS>
          </token>
          <token id="6">
            <word>May</word>
            <lemma>May</lemma>
            <CharacterOffsetBegin>732</CharacterOffsetBegin>
            <CharacterOffsetEnd>735</CharacterOffsetEnd>
            <POS>NNP</POS>
          </token>
          <token id="7">
            <word>near</word>
            <lemma>near</lemma>
            <CharacterOffsetBegin>736</CharacterOffsetBegin>
            <CharacterOffsetEnd>740</CharacterOffsetEnd>
            <POS>IN</POS>
          </token>
          <token id="8">
            <word>Cayara</word>
            <lemma>Cayara</lemma>
            <CharacterOffsetBegin>741</CharacterOffsetBegin>
            <CharacterOffsetEnd>747</CharacterOffsetEnd>
            <POS>NNP</POS>
          </token>
          <token id="9">
            <word>,</word>
            <lemma>,</lemma>
            <CharacterOffsetBegin>747</CharacterOffsetBegin>
            <CharacterOffsetEnd>748</CharacterOffsetEnd>
            <POS>,</POS>
          </token>
          <token id="10">
            <word>a</word>
            <lemma>a</lemma>
            <CharacterOffsetBegin>749</CharacterOffsetBegin>
            <CharacterOffsetEnd>750</CharacterOffsetEnd>
            <POS>DT</POS>
          </token>
          <token id="11">
            <word>farming</word>
            <lemma>farm</lemma>
            <CharacterOffsetBegin>751</CharacterOffsetBegin>
            <CharacterOffsetEnd>758</CharacterOffsetEnd>
            <POS>VBG</POS>
          </token>
          <token id="12">
            <word>village</word>
            <lemma>village</lemma>
            <CharacterOffsetBegin>759</CharacterOffsetBegin>
            <CharacterOffsetEnd>766</CharacterOffsetEnd>
            <POS>NN</POS>
          </token>
          <token id="13">
            <word>40</word>
            <lemma>40</lemma>
            <CharacterOffsetBegin>767</CharacterOffsetBegin>
            <CharacterOffsetEnd>769</CharacterOffsetEnd>
            <POS>CD</POS>
          </token>
          <token id="14">
            <word>miles</word>
            <lemma>mile</lemma>
            <CharacterOffsetBegin>770</CharacterOffsetBegin>
            <CharacterOffsetEnd>775</CharacterOffsetEnd>
            <POS>NNS</POS>
          </token>
          <token id="15">
            <word>south</word>
            <lemma>south</lemma>
            <CharacterOffsetBegin>776</CharacterOffsetBegin>
            <CharacterOffsetEnd>781</CharacterOffsetEnd>
            <POS>RB</POS>
          </token>
          <token id="16">
            <word>of</word>
            <lemma>of</lemma>
            <CharacterOffsetBegin>782</CharacterOffsetBegin>
            <CharacterOffsetEnd>784</CharacterOffsetEnd>
            <POS>IN</POS>
          </token>
          <token id="17">
            <word>Ayacucho</word>
            <lemma>Ayacucho</lemma>
            <CharacterOffsetBegin>785</CharacterOffsetBegin>
            <CharacterOffsetEnd>793</CharacterOffsetEnd>
            <POS>NNP</POS>
          </token>
          <token id="18">
            <word>.</word>
            <lemma>.</lemma>
            <CharacterOffsetBegin>793</CharacterOffsetBegin>
            <CharacterOffsetEnd>794</CharacterOffsetEnd>
            <POS>.</POS>
          </token>
        </tokens>
      </sentence>
      <sentence id="6">
        <tokens>
          <token id="1">
            <word>Officials</word>
            <lemma>official</lemma>
            <CharacterOffsetBegin>798</CharacterOffsetBegin>
            <CharacterOffsetEnd>807</CharacterOffsetEnd>
            <POS>NNS</POS>
          </token>
          <token id="2">
            <word>said</word>
            <lemma>say</lemma>
            <CharacterOffsetBegin>808</CharacterOffsetBegin>
            <CharacterOffsetEnd>812</CharacterOffsetEnd>
            <POS>VBD</POS>
          </token>
          <token id="3">
            <word>the</word>
            <lemma>the</lemma>
            <CharacterOffsetBegin>813</CharacterOffsetBegin>
            <CharacterOffsetEnd>816</CharacterOffsetEnd>
            <POS>DT</POS>
          </token>
          <token id="4">
            <word>rebel</word>
            <lemma>rebel</lemma>
            <CharacterOffsetBegin>817</CharacterOffsetBegin>
            <CharacterOffsetEnd>822</CharacterOffsetEnd>
            <POS>NN</POS>
          </token>
          <token id="5">
            <word>raids</word>
            <lemma>raid</lemma>
            <CharacterOffsetBegin>823</CharacterOffsetBegin>
            <CharacterOffsetEnd>828</CharacterOffsetEnd>
            <POS>NNS</POS>
          </token>
          <token id="6">
            <word>occurred</word>
            <lemma>occur</lemma>
            <CharacterOffsetBegin>829</CharacterOffsetBegin>
            <CharacterOffsetEnd>837</CharacterOffsetEnd>
            <POS>VBD</POS>
          </token>
          <token id="7">
            <word>Sunday</word>
            <lemma>Sunday</lemma>
            <CharacterOffsetBegin>838</CharacterOffsetBegin>
            <CharacterOffsetEnd>844</CharacterOffsetEnd>
            <POS>NNP</POS>
          </token>
          <token id="8">
            <word>,</word>
            <lemma>,</lemma>
            <CharacterOffsetBegin>844</CharacterOffsetBegin>
            <CharacterOffsetEnd>845</CharacterOffsetEnd>
            <POS>,</POS>
          </token>
          <token id="9">
            <word>at</word>
            <lemma>at</lemma>
            <CharacterOffsetBegin>846</CharacterOffsetBegin>
            <CharacterOffsetEnd>848</CharacterOffsetEnd>
            <POS>IN</POS>
          </token>
          <token id="10">
            <word>a</word>
            <lemma>a</lemma>
            <CharacterOffsetBegin>849</CharacterOffsetBegin>
            <CharacterOffsetEnd>850</CharacterOffsetEnd>
            <POS>DT</POS>
          </token>
          <token id="11">
            <word>police</word>
            <lemma>police</lemma>
            <CharacterOffsetBegin>851</CharacterOffsetBegin>
            <CharacterOffsetEnd>857</CharacterOffsetEnd>
            <POS>NN</POS>
          </token>
          <token id="12">
            <word>post</word>
            <lemma>post</lemma>
            <CharacterOffsetBegin>858</CharacterOffsetBegin>
            <CharacterOffsetEnd>862</CharacterOffsetEnd>
            <POS>NN</POS>
          </token>
          <token id="13">
            <word>and</word>
            <lemma>and</lemma>
            <CharacterOffsetBegin>863</CharacterOffsetBegin>
            <CharacterOffsetEnd>866</CharacterOffsetEnd>
            <POS>CC</POS>
          </token>
          <token id="14">
            <word>telephone</word>
            <lemma>telephone</lemma>
            <CharacterOffsetBegin>867</CharacterOffsetBegin>
            <CharacterOffsetEnd>876</CharacterOffsetEnd>
            <POS>NN</POS>
          </token>
          <token id="15">
            <word>relay</word>
            <lemma>relay</lemma>
            <CharacterOffsetBegin>877</CharacterOffsetBegin>
            <CharacterOffsetEnd>882</CharacterOffsetEnd>
            <POS>NN</POS>
          </token>
          <token id="16">
            <word>station</word>
            <lemma>station</lemma>
            <CharacterOffsetBegin>883</CharacterOffsetBegin>
            <CharacterOffsetEnd>890</CharacterOffsetEnd>
            <POS>NN</POS>
          </token>
          <token id="17">
            <word>near</word>
            <lemma>near</lemma>
            <CharacterOffsetBegin>891</CharacterOffsetBegin>
            <CharacterOffsetEnd>895</CharacterOffsetEnd>
            <POS>IN</POS>
          </token>
          <token id="18">
            <word>the</word>
            <lemma>the</lemma>
            <CharacterOffsetBegin>896</CharacterOffsetBegin>
            <CharacterOffsetEnd>899</CharacterOffsetEnd>
            <POS>DT</POS>
          </token>
          <token id="19">
            <word>jungle</word>
            <lemma>jungle</lemma>
            <CharacterOffsetBegin>900</CharacterOffsetBegin>
            <CharacterOffsetEnd>906</CharacterOffsetEnd>
            <POS>NN</POS>
          </token>
          <token id="20">
            <word>city</word>
            <lemma>city</lemma>
            <CharacterOffsetBegin>907</CharacterOffsetBegin>
            <CharacterOffsetEnd>911</CharacterOffsetEnd>
            <POS>NN</POS>
          </token>
          <token id="21">
            <word>of</word>
            <lemma>of</lemma>
            <CharacterOffsetBegin>912</CharacterOffsetBegin>
            <CharacterOffsetEnd>914</CharacterOffsetEnd>
            <POS>IN</POS>
          </token>
          <token id="22">
            <word>Pucallpa</word>
            <lemma>Pucallpa</lemma>
            <CharacterOffsetBegin>915</CharacterOffsetBegin>
            <CharacterOffsetEnd>923</CharacterOffsetEnd>
            <POS>NNP</POS>
          </token>
          <token id="23">
            <word>,</word>
            <lemma>,</lemma>
            <CharacterOffsetBegin>923</CharacterOffsetBegin>
            <CharacterOffsetEnd>924</CharacterOffsetEnd>
            <POS>,</POS>
          </token>
          <token id="24">
            <word>325</word>
            <lemma>325</lemma>
            <CharacterOffsetBegin>925</CharacterOffsetBegin>
            <CharacterOffsetEnd>928</CharacterOffsetEnd>
            <POS>CD</POS>
          </token>
          <token id="25">
            <word>miles</word>
            <lemma>mile</lemma>
            <CharacterOffsetBegin>929</CharacterOffsetBegin>
            <CharacterOffsetEnd>934</CharacterOffsetEnd>
            <POS>NNS</POS>
          </token>
          <token id="26">
            <word>northeast</word>
            <lemma>northeast</lemma>
            <CharacterOffsetBegin>935</CharacterOffsetBegin>
            <CharacterOffsetEnd>944</CharacterOffsetEnd>
            <POS>RB</POS>
          </token>
          <token id="27">
            <word>of</word>
            <lemma>of</lemma>
            <CharacterOffsetBegin>945</CharacterOffsetBegin>
            <CharacterOffsetEnd>947</CharacterOffsetEnd>
            <POS>IN</POS>
          </token>
          <token id="28">
            <word>Lima</word>
            <lemma>Lima</lemma>
            <CharacterOffsetBegin>948</CharacterOffsetBegin>
            <CharacterOffsetEnd>952</CharacterOffsetEnd>
            <POS>NNP</POS>
          </token>
          <token id="29">
            <word>.</word>
            <lemma>.</lemma>
            <CharacterOffsetBegin>952</CharacterOffsetBegin>
            <CharacterOffsetEnd>953</CharacterOffsetEnd>
            <POS>.</POS>
          </token>
        </tokens>
      </sentence>
      <sentence id="7">
        <tokens>
          <token id="1">
            <word>Shining</word>
            <lemma>shine</lemma>
            <CharacterOffsetBegin>957</CharacterOffsetBegin>
            <CharacterOffsetEnd>964</CharacterOffsetEnd>
            <POS>VBG</POS>
          </token>
          <token id="2">
            <word>Path</word>
            <lemma>path</lemma>
            <CharacterOffsetBegin>965</CharacterOffsetBegin>
            <CharacterOffsetEnd>969</CharacterOffsetEnd>
            <POS>NN</POS>
          </token>
          <token id="3">
            <word>guerrillas</word>
            <lemma>guerrilla</lemma>
            <CharacterOffsetBegin>970</CharacterOffsetBegin>
            <CharacterOffsetEnd>980</CharacterOffsetEnd>
            <POS>NNS</POS>
          </token>
          <token id="4">
            <word>began</word>
            <lemma>begin</lemma>
            <CharacterOffsetBegin>981</CharacterOffsetBegin>
            <CharacterOffsetEnd>986</CharacterOffsetEnd>
            <POS>VBD</POS>
          </token>
          <token id="5">
            <word>fighting</word>
            <lemma>fight</lemma>
            <CharacterOffsetBegin>987</CharacterOffsetBegin>
            <CharacterOffsetEnd>995</CharacterOffsetEnd>
            <POS>VBG</POS>
          </token>
          <token id="6">
            <word>eight</word>
            <lemma>eight</lemma>
            <CharacterOffsetBegin>996</CharacterOffsetBegin>
            <CharacterOffsetEnd>1001</CharacterOffsetEnd>
            <POS>CD</POS>
          </token>
          <token id="7">
            <word>years</word>
            <lemma>year</lemma>
            <CharacterOffsetBegin>1002</CharacterOffsetBegin>
            <CharacterOffsetEnd>1007</CharacterOffsetEnd>
            <POS>NNS</POS>
          </token>
          <token id="8">
            <word>ago</word>
            <lemma>ago</lemma>
            <CharacterOffsetBegin>1008</CharacterOffsetBegin>
            <CharacterOffsetEnd>1011</CharacterOffsetEnd>
            <POS>RB</POS>
          </token>
          <token id="9">
            <word>.</word>
            <lemma>.</lemma>
            <CharacterOffsetBegin>1011</CharacterOffsetBegin>
            <CharacterOffsetEnd>1012</CharacterOffsetEnd>
            <POS>.</POS>
          </token>
        </tokens>
      </sentence>
      <sentence id="8">
        <tokens>
          <token id="1">
            <word>The</word>
            <lemma>the</lemma>
            <CharacterOffsetBegin>1013</CharacterOffsetBegin>
            <CharacterOffsetEnd>1016</CharacterOffsetEnd>
            <POS>DT</POS>
          </token>
          <token id="2">
            <word>government</word>
            <lemma>government</lemma>
            <CharacterOffsetBegin>1017</CharacterOffsetBegin>
            <CharacterOffsetEnd>1027</CharacterOffsetEnd>
            <POS>NN</POS>
          </token>
          <token id="3">
            <word>says</word>
            <lemma>say</lemma>
            <CharacterOffsetBegin>1028</CharacterOffsetBegin>
            <CharacterOffsetEnd>1032</CharacterOffsetEnd>
            <POS>VBZ</POS>
          </token>
          <token id="4">
            <word>more</word>
            <lemma>more</lemma>
            <CharacterOffsetBegin>1033</CharacterOffsetBegin>
            <CharacterOffsetEnd>1037</CharacterOffsetEnd>
            <POS>JJR</POS>
          </token>
          <token id="5">
            <word>than</word>
            <lemma>than</lemma>
            <CharacterOffsetBegin>1038</CharacterOffsetBegin>
            <CharacterOffsetEnd>1042</CharacterOffsetEnd>
            <POS>IN</POS>
          </token>
          <token id="6">
            <word>15,000</word>
            <lemma>15,000</lemma>
            <CharacterOffsetBegin>1043</CharacterOffsetBegin>
            <CharacterOffsetEnd>1049</CharacterOffsetEnd>
            <POS>CD</POS>
          </token>
          <token id="7">
            <word>people</word>
            <lemma>people</lemma>
            <CharacterOffsetBegin>1050</CharacterOffsetBegin>
            <CharacterOffsetEnd>1056</CharacterOffsetEnd>
            <POS>NNS</POS>
          </token>
          <token id="8">
            <word>have</word>
            <lemma>have</lemma>
            <CharacterOffsetBegin>1057</CharacterOffsetBegin>
            <CharacterOffsetEnd>1061</CharacterOffsetEnd>
            <POS>VBP</POS>
          </token>
          <token id="9">
            <word>been</word>
            <lemma>be</lemma>
            <CharacterOffsetBegin>1062</CharacterOffsetBegin>
            <CharacterOffsetEnd>1066</CharacterOffsetEnd>
            <POS>VBN</POS>
          </token>
          <token id="10">
            <word>killed</word>
            <lemma>kill</lemma>
            <CharacterOffsetBegin>1067</CharacterOffsetBegin>
            <CharacterOffsetEnd>1073</CharacterOffsetEnd>
            <POS>VBN</POS>
          </token>
          <token id="11">
            <word>and</word>
            <lemma>and</lemma>
            <CharacterOffsetBegin>1074</CharacterOffsetBegin>
            <CharacterOffsetEnd>1077</CharacterOffsetEnd>
            <POS>CC</POS>
          </token>
          <token id="12">
            <word>puts</word>
            <lemma>put</lemma>
            <CharacterOffsetBegin>1078</CharacterOffsetBegin>
            <CharacterOffsetEnd>1082</CharacterOffsetEnd>
            <POS>VBZ</POS>
          </token>
          <token id="13">
            <word>the</word>
            <lemma>the</lemma>
            <CharacterOffsetBegin>1083</CharacterOffsetBegin>
            <CharacterOffsetEnd>1086</CharacterOffsetEnd>
            <POS>DT</POS>
          </token>
          <token id="14">
            <word>property</word>
            <lemma>property</lemma>
            <CharacterOffsetBegin>1087</CharacterOffsetBegin>
            <CharacterOffsetEnd>1095</CharacterOffsetEnd>
            <POS>NN</POS>
          </token>
          <token id="15">
            <word>damage</word>
            <lemma>damage</lemma>
            <CharacterOffsetBegin>1096</CharacterOffsetBegin>
            <CharacterOffsetEnd>1102</CharacterOffsetEnd>
            <POS>NN</POS>
          </token>
          <token id="16">
            <word>at</word>
            <lemma>at</lemma>
            <CharacterOffsetBegin>1103</CharacterOffsetBegin>
            <CharacterOffsetEnd>1105</CharacterOffsetEnd>
            <POS>IN</POS>
          </token>
          <token id="17">
            <word>$</word>
            <lemma>$</lemma>
            <CharacterOffsetBegin>1106</CharacterOffsetBegin>
            <CharacterOffsetEnd>1107</CharacterOffsetEnd>
            <POS>$</POS>
          </token>
          <token id="18">
            <word>10</word>
            <lemma>10</lemma>
            <CharacterOffsetBegin>1107</CharacterOffsetBegin>
            <CharacterOffsetEnd>1109</CharacterOffsetEnd>
            <POS>CD</POS>
          </token>
          <token id="19">
            <word>billion</word>
            <lemma>billion</lemma>
            <CharacterOffsetBegin>1110</CharacterOffsetBegin>
            <CharacterOffsetEnd>1117</CharacterOffsetEnd>
            <POS>CD</POS>
          </token>
          <token id="20">
            <word>.</word>
            <lemma>.</lemma>
            <CharacterOffsetBegin>1117</CharacterOffsetBegin>
            <CharacterOffsetEnd>1118</CharacterOffsetEnd>
            <POS>.</POS>
          </token>
        </tokens>
      </sentence>
      <sentence id="9">
        <tokens>
          <token id="1">
            <word>The</word>
            <lemma>the</lemma>
            <CharacterOffsetBegin>1122</CharacterOffsetBegin>
            <CharacterOffsetEnd>1125</CharacterOffsetEnd>
            <POS>DT</POS>
          </token>
          <token id="2">
            <word>Rodrigo</word>
            <lemma>Rodrigo</lemma>
            <CharacterOffsetBegin>1126</CharacterOffsetBegin>
            <CharacterOffsetEnd>1133</CharacterOffsetEnd>
            <POS>NNP</POS>
          </token>
          <token id="3">
            <word>Franco</word>
            <lemma>Franco</lemma>
            <CharacterOffsetBegin>1134</CharacterOffsetBegin>
            <CharacterOffsetEnd>1140</CharacterOffsetEnd>
            <POS>NNP</POS>
          </token>
          <token id="4">
            <word>group</word>
            <lemma>group</lemma>
            <CharacterOffsetBegin>1141</CharacterOffsetBegin>
            <CharacterOffsetEnd>1146</CharacterOffsetEnd>
            <POS>NN</POS>
          </token>
          <token id="5">
            <word>is</word>
            <lemma>be</lemma>
            <CharacterOffsetBegin>1147</CharacterOffsetBegin>
            <CharacterOffsetEnd>1149</CharacterOffsetEnd>
            <POS>VBZ</POS>
          </token>
          <token id="6">
            <word>named</word>
            <lemma>name</lemma>
            <CharacterOffsetBegin>1150</CharacterOffsetBegin>
            <CharacterOffsetEnd>1155</CharacterOffsetEnd>
            <POS>VBN</POS>
          </token>
          <token id="7">
            <word>for</word>
            <lemma>for</lemma>
            <CharacterOffsetBegin>1156</CharacterOffsetBegin>
            <CharacterOffsetEnd>1159</CharacterOffsetEnd>
            <POS>IN</POS>
          </token>
          <token id="8">
            <word>an</word>
            <lemma>a</lemma>
            <CharacterOffsetBegin>1160</CharacterOffsetBegin>
            <CharacterOffsetEnd>1162</CharacterOffsetEnd>
            <POS>DT</POS>
          </token>
          <token id="9">
            <word>official</word>
            <lemma>official</lemma>
            <CharacterOffsetBegin>1163</CharacterOffsetBegin>
            <CharacterOffsetEnd>1171</CharacterOffsetEnd>
            <POS>NN</POS>
          </token>
          <token id="10">
            <word>of</word>
            <lemma>of</lemma>
            <CharacterOffsetBegin>1172</CharacterOffsetBegin>
            <CharacterOffsetEnd>1174</CharacterOffsetEnd>
            <POS>IN</POS>
          </token>
          <token id="11">
            <word>the</word>
            <lemma>the</lemma>
            <CharacterOffsetBegin>1175</CharacterOffsetBegin>
            <CharacterOffsetEnd>1178</CharacterOffsetEnd>
            <POS>DT</POS>
          </token>
          <token id="12">
            <word>government</word>
            <lemma>government</lemma>
            <CharacterOffsetBegin>1179</CharacterOffsetBegin>
            <CharacterOffsetEnd>1189</CharacterOffsetEnd>
            <POS>NN</POS>
          </token>
          <token id="13">
            <word>party</word>
            <lemma>party</lemma>
            <CharacterOffsetBegin>1190</CharacterOffsetBegin>
            <CharacterOffsetEnd>1195</CharacterOffsetEnd>
            <POS>NN</POS>
          </token>
          <token id="14">
            <word>killed</word>
            <lemma>kill</lemma>
            <CharacterOffsetBegin>1196</CharacterOffsetBegin>
            <CharacterOffsetEnd>1202</CharacterOffsetEnd>
            <POS>VBD</POS>
          </token>
          <token id="15">
            <word>the</word>
            <lemma>the</lemma>
            <CharacterOffsetBegin>1203</CharacterOffsetBegin>
            <CharacterOffsetEnd>1206</CharacterOffsetEnd>
            <POS>DT</POS>
          </token>
          <token id="16">
            <word>Shining</word>
            <lemma>shine</lemma>
            <CharacterOffsetBegin>1207</CharacterOffsetBegin>
            <CharacterOffsetEnd>1214</CharacterOffsetEnd>
            <POS>VBG</POS>
          </token>
          <token id="17">
            <word>Path</word>
            <lemma>path</lemma>
            <CharacterOffsetBegin>1215</CharacterOffsetBegin>
            <CharacterOffsetEnd>1219</CharacterOffsetEnd>
            <POS>NN</POS>
          </token>
          <token id="18">
            <word>killed</word>
            <lemma>kill</lemma>
            <CharacterOffsetBegin>1220</CharacterOffsetBegin>
            <CharacterOffsetEnd>1226</CharacterOffsetEnd>
            <POS>VBD</POS>
          </token>
          <token id="19">
            <word>last</word>
            <lemma>last</lemma>
            <CharacterOffsetBegin>1227</CharacterOffsetBegin>
            <CharacterOffsetEnd>1231</CharacterOffsetEnd>
            <POS>JJ</POS>
          </token>
          <token id="20">
            <word>year</word>
            <lemma>year</lemma>
            <CharacterOffsetBegin>1232</CharacterOffsetBegin>
            <CharacterOffsetEnd>1236</CharacterOffsetEnd>
            <POS>NN</POS>
          </token>
          <token id="21">
            <word>.</word>
            <lemma>.</lemma>
            <CharacterOffsetBegin>1236</CharacterOffsetBegin>
            <CharacterOffsetEnd>1237</CharacterOffsetEnd>
            <POS>.</POS>
          </token>
        </tokens>
      </sentence>
      <sentence id="10">
        <tokens>
          <token id="1">
            <word>It</word>
            <lemma>it</lemma>
            <CharacterOffsetBegin>1241</CharacterOffsetBegin>
            <CharacterOffsetEnd>1243</CharacterOffsetEnd>
            <POS>PRP</POS>
          </token>
          <token id="2">
            <word>became</word>
            <lemma>become</lemma>
            <CharacterOffsetBegin>1244</CharacterOffsetBegin>
            <CharacterOffsetEnd>1250</CharacterOffsetEnd>
            <POS>VBD</POS>
          </token>
          <token id="3">
            <word>known</word>
            <lemma>know</lemma>
            <CharacterOffsetBegin>1251</CharacterOffsetBegin>
            <CharacterOffsetEnd>1256</CharacterOffsetEnd>
            <POS>VBN</POS>
          </token>
          <token id="4">
            <word>in</word>
            <lemma>in</lemma>
            <CharacterOffsetBegin>1257</CharacterOffsetBegin>
            <CharacterOffsetEnd>1259</CharacterOffsetEnd>
            <POS>IN</POS>
          </token>
          <token id="5">
            <word>July</word>
            <lemma>July</lemma>
            <CharacterOffsetBegin>1260</CharacterOffsetBegin>
            <CharacterOffsetEnd>1264</CharacterOffsetEnd>
            <POS>NNP</POS>
          </token>
          <token id="6">
            <word>when</word>
            <lemma>when</lemma>
            <CharacterOffsetBegin>1265</CharacterOffsetBegin>
            <CharacterOffsetEnd>1269</CharacterOffsetEnd>
            <POS>WRB</POS>
          </token>
          <token id="7">
            <word>it</word>
            <lemma>it</lemma>
            <CharacterOffsetBegin>1270</CharacterOffsetBegin>
            <CharacterOffsetEnd>1272</CharacterOffsetEnd>
            <POS>PRP</POS>
          </token>
          <token id="8">
            <word>claimed</word>
            <lemma>claim</lemma>
            <CharacterOffsetBegin>1273</CharacterOffsetBegin>
            <CharacterOffsetEnd>1280</CharacterOffsetEnd>
            <POS>VBD</POS>
          </token>
          <token id="9">
            <word>responsibility</word>
            <lemma>responsibility</lemma>
            <CharacterOffsetBegin>1281</CharacterOffsetBegin>
            <CharacterOffsetEnd>1295</CharacterOffsetEnd>
            <POS>NN</POS>
          </token>
          <token id="10">
            <word>for</word>
            <lemma>for</lemma>
            <CharacterOffsetBegin>1296</CharacterOffsetBegin>
            <CharacterOffsetEnd>1299</CharacterOffsetEnd>
            <POS>IN</POS>
          </token>
          <token id="11">
            <word>killing</word>
            <lemma>kill</lemma>
            <CharacterOffsetBegin>1300</CharacterOffsetBegin>
            <CharacterOffsetEnd>1307</CharacterOffsetEnd>
            <POS>VBG</POS>
          </token>
          <token id="12">
            <word>the</word>
            <lemma>the</lemma>
            <CharacterOffsetBegin>1308</CharacterOffsetBegin>
            <CharacterOffsetEnd>1311</CharacterOffsetEnd>
            <POS>DT</POS>
          </token>
          <token id="13">
            <word>lawyer</word>
            <lemma>lawyer</lemma>
            <CharacterOffsetBegin>1312</CharacterOffsetBegin>
            <CharacterOffsetEnd>1318</CharacterOffsetEnd>
            <POS>NN</POS>
          </token>
          <token id="14">
            <word>for</word>
            <lemma>for</lemma>
            <CharacterOffsetBegin>1319</CharacterOffsetBegin>
            <CharacterOffsetEnd>1322</CharacterOffsetEnd>
            <POS>IN</POS>
          </token>
          <token id="15">
            <word>Osman</word>
            <lemma>Osman</lemma>
            <CharacterOffsetBegin>1323</CharacterOffsetBegin>
            <CharacterOffsetEnd>1328</CharacterOffsetEnd>
            <POS>NNP</POS>
          </token>
          <token id="16">
            <word>Morote</word>
            <lemma>Morote</lemma>
            <CharacterOffsetBegin>1329</CharacterOffsetBegin>
            <CharacterOffsetEnd>1335</CharacterOffsetEnd>
            <POS>NNP</POS>
          </token>
          <token id="17">
            <word>.</word>
            <lemma>.</lemma>
            <CharacterOffsetBegin>1335</CharacterOffsetBegin>
            <CharacterOffsetEnd>1336</CharacterOffsetEnd>
            <POS>.</POS>
          </token>
        </tokens>
      </sentence>
      <sentence id="11">
        <tokens>
          <token id="1">
            <word>He</word>
            <lemma>he</lemma>
            <CharacterOffsetBegin>1337</CharacterOffsetBegin>
            <CharacterOffsetEnd>1339</CharacterOffsetEnd>
            <POS>PRP</POS>
          </token>
          <token id="2">
            <word>is</word>
            <lemma>be</lemma>
            <CharacterOffsetBegin>1340</CharacterOffsetBegin>
            <CharacterOffsetEnd>1342</CharacterOffsetEnd>
            <POS>VBZ</POS>
          </token>
          <token id="3">
            <word>suspected</word>
            <lemma>suspect</lemma>
            <CharacterOffsetBegin>1343</CharacterOffsetBegin>
            <CharacterOffsetEnd>1352</CharacterOffsetEnd>
            <POS>VBN</POS>
          </token>
          <token id="4">
            <word>of</word>
            <lemma>of</lemma>
            <CharacterOffsetBegin>1353</CharacterOffsetBegin>
            <CharacterOffsetEnd>1355</CharacterOffsetEnd>
            <POS>IN</POS>
          </token>
          <token id="5">
            <word>being</word>
            <lemma>be</lemma>
            <CharacterOffsetBegin>1356</CharacterOffsetBegin>
            <CharacterOffsetEnd>1361</CharacterOffsetEnd>
            <POS>VBG</POS>
          </token>
          <token id="6">
            <word>the</word>
            <lemma>the</lemma>
            <CharacterOffsetBegin>1362</CharacterOffsetBegin>
            <CharacterOffsetEnd>1365</CharacterOffsetEnd>
            <POS>DT</POS>
          </token>
          <token id="7">
            <word>Shining</word>
            <lemma>shine</lemma>
            <CharacterOffsetBegin>1366</CharacterOffsetBegin>
            <CharacterOffsetEnd>1373</CharacterOffsetEnd>
            <POS>VBG</POS>
          </token>
          <token id="8">
            <word>Path</word>
            <lemma>path</lemma>
            <CharacterOffsetBegin>1374</CharacterOffsetBegin>
            <CharacterOffsetEnd>1378</CharacterOffsetEnd>
            <POS>NN</POS>
          </token>
          <token id="9">
            <word>second-in-command</word>
            <lemma>second-in-command</lemma>
            <CharacterOffsetBegin>1379</CharacterOffsetBegin>
            <CharacterOffsetEnd>1396</CharacterOffsetEnd>
            <POS>NN</POS>
          </token>
          <token id="10">
            <word>and</word>
            <lemma>and</lemma>
            <CharacterOffsetBegin>1397</CharacterOffsetBegin>
            <CharacterOffsetEnd>1400</CharacterOffsetEnd>
            <POS>CC</POS>
          </token>
          <token id="11">
            <word>is</word>
            <lemma>be</lemma>
            <CharacterOffsetBegin>1401</CharacterOffsetBegin>
            <CharacterOffsetEnd>1403</CharacterOffsetEnd>
            <POS>VBZ</POS>
          </token>
          <token id="12">
            <word>in</word>
            <lemma>in</lemma>
            <CharacterOffsetBegin>1404</CharacterOffsetBegin>
            <CharacterOffsetEnd>1406</CharacterOffsetEnd>
            <POS>IN</POS>
          </token>
          <token id="13">
            <word>jail</word>
            <lemma>jail</lemma>
            <CharacterOffsetBegin>1407</CharacterOffsetBegin>
            <CharacterOffsetEnd>1411</CharacterOffsetEnd>
            <POS>NN</POS>
          </token>
          <token id="14">
            <word>on</word>
            <lemma>on</lemma>
            <CharacterOffsetBegin>1412</CharacterOffsetBegin>
            <CharacterOffsetEnd>1414</CharacterOffsetEnd>
            <POS>IN</POS>
          </token>
          <token id="15">
            <word>terrorism</word>
            <lemma>terrorism</lemma>
            <CharacterOffsetBegin>1415</CharacterOffsetBegin>
            <CharacterOffsetEnd>1424</CharacterOffsetEnd>
            <POS>NN</POS>
          </token>
          <token id="16">
            <word>charges</word>
            <lemma>charge</lemma>
            <CharacterOffsetBegin>1425</CharacterOffsetBegin>
            <CharacterOffsetEnd>1432</CharacterOffsetEnd>
            <POS>NNS</POS>
          </token>
          <token id="17">
            <word>.</word>
            <lemma>.</lemma>
            <CharacterOffsetBegin>1432</CharacterOffsetBegin>
            <CharacterOffsetEnd>1433</CharacterOffsetEnd>
            <POS>.</POS>
          </token>
        </tokens>
      </sentence>
    </sentences>
  </document>
</root>
