<?xml version="1.0" encoding="UTF-8"?>
<?xml-stylesheet href="CoreNLP-to-HTML.xsl" type="text/xsl"?>
<root>
  <document>
    <sentences>
      <sentence id="1">
        <tokens>
          <token id="1">
            <word>Two</word>
            <lemma>two</lemma>
            <CharacterOffsetBegin>4</CharacterOffsetBegin>
            <CharacterOffsetEnd>7</CharacterOffsetEnd>
            <POS>CD</POS>
          </token>
          <token id="2">
            <word>U.S.</word>
            <lemma>U.S.</lemma>
            <CharacterOffsetBegin>8</CharacterOffsetBegin>
            <CharacterOffsetEnd>12</CharacterOffsetEnd>
            <POS>NNP</POS>
          </token>
          <token id="3">
            <word>Air</word>
            <lemma>Air</lemma>
            <CharacterOffsetBegin>13</CharacterOffsetBegin>
            <CharacterOffsetEnd>16</CharacterOffsetEnd>
            <POS>NNP</POS>
          </token>
          <token id="4">
            <word>Force</word>
            <lemma>Force</lemma>
            <CharacterOffsetBegin>17</CharacterOffsetBegin>
            <CharacterOffsetEnd>22</CharacterOffsetEnd>
            <POS>NNP</POS>
          </token>
          <token id="5">
            <word>F-16</word>
            <lemma>F-16</lemma>
            <CharacterOffsetBegin>23</CharacterOffsetBegin>
            <CharacterOffsetEnd>27</CharacterOffsetEnd>
            <POS>NNP</POS>
          </token>
          <token id="6">
            <word>fighter</word>
            <lemma>fighter</lemma>
            <CharacterOffsetBegin>28</CharacterOffsetBegin>
            <CharacterOffsetEnd>35</CharacterOffsetEnd>
            <POS>NN</POS>
          </token>
          <token id="7">
            <word>jets</word>
            <lemma>jet</lemma>
            <CharacterOffsetBegin>36</CharacterOffsetBegin>
            <CharacterOffsetEnd>40</CharacterOffsetEnd>
            <POS>NNS</POS>
          </token>
          <token id="8">
            <word>crashed</word>
            <lemma>crash</lemma>
            <CharacterOffsetBegin>41</CharacterOffsetBegin>
            <CharacterOffsetEnd>48</CharacterOffsetEnd>
            <POS>VBD</POS>
          </token>
          <token id="9">
            <word>in</word>
            <lemma>in</lemma>
            <CharacterOffsetBegin>49</CharacterOffsetBegin>
            <CharacterOffsetEnd>51</CharacterOffsetEnd>
            <POS>IN</POS>
          </token>
          <token id="10">
            <word>the</word>
            <lemma>the</lemma>
            <CharacterOffsetBegin>52</CharacterOffsetBegin>
            <CharacterOffsetEnd>55</CharacterOffsetEnd>
            <POS>DT</POS>
          </token>
          <token id="11">
            <word>air</word>
            <lemma>air</lemma>
            <CharacterOffsetBegin>56</CharacterOffsetBegin>
            <CharacterOffsetEnd>59</CharacterOffsetEnd>
            <POS>NN</POS>
          </token>
          <token id="12">
            <word>today</word>
            <lemma>today</lemma>
            <CharacterOffsetBegin>60</CharacterOffsetBegin>
            <CharacterOffsetEnd>65</CharacterOffsetEnd>
            <POS>NN</POS>
          </token>
          <token id="13">
            <word>and</word>
            <lemma>and</lemma>
            <CharacterOffsetBegin>66</CharacterOffsetBegin>
            <CharacterOffsetEnd>69</CharacterOffsetEnd>
            <POS>CC</POS>
          </token>
          <token id="14">
            <word>exploded</word>
            <lemma>explode</lemma>
            <CharacterOffsetBegin>70</CharacterOffsetBegin>
            <CharacterOffsetEnd>78</CharacterOffsetEnd>
            <POS>VBD</POS>
          </token>
          <token id="15">
            <word>,</word>
            <lemma>,</lemma>
            <CharacterOffsetBegin>78</CharacterOffsetBegin>
            <CharacterOffsetEnd>79</CharacterOffsetEnd>
            <POS>,</POS>
          </token>
          <token id="16">
            <word>an</word>
            <lemma>a</lemma>
            <CharacterOffsetBegin>80</CharacterOffsetBegin>
            <CharacterOffsetEnd>82</CharacterOffsetEnd>
            <POS>DT</POS>
          </token>
          <token id="17">
            <word>air</word>
            <lemma>air</lemma>
            <CharacterOffsetBegin>83</CharacterOffsetBegin>
            <CharacterOffsetEnd>86</CharacterOffsetEnd>
            <POS>NN</POS>
          </token>
          <token id="18">
            <word>force</word>
            <lemma>force</lemma>
            <CharacterOffsetBegin>87</CharacterOffsetBegin>
            <CharacterOffsetEnd>92</CharacterOffsetEnd>
            <POS>NN</POS>
          </token>
          <token id="19">
            <word>spokeswoman</word>
            <lemma>spokeswoman</lemma>
            <CharacterOffsetBegin>93</CharacterOffsetBegin>
            <CharacterOffsetEnd>104</CharacterOffsetEnd>
            <POS>NN</POS>
          </token>
          <token id="20">
            <word>said</word>
            <lemma>say</lemma>
            <CharacterOffsetBegin>105</CharacterOffsetBegin>
            <CharacterOffsetEnd>109</CharacterOffsetEnd>
            <POS>VBD</POS>
          </token>
          <token id="21">
            <word>.</word>
            <lemma>.</lemma>
            <CharacterOffsetBegin>109</CharacterOffsetBegin>
            <CharacterOffsetEnd>110</CharacterOffsetEnd>
            <POS>.</POS>
          </token>
        </tokens>
      </sentence>
      <sentence id="2">
        <tokens>
          <token id="1">
            <word>The</word>
            <lemma>the</lemma>
            <CharacterOffsetBegin>111</CharacterOffsetBegin>
            <CharacterOffsetEnd>114</CharacterOffsetEnd>
            <POS>DT</POS>
          </token>
          <token id="2">
            <word>accident</word>
            <lemma>accident</lemma>
            <CharacterOffsetBegin>115</CharacterOffsetBegin>
            <CharacterOffsetEnd>123</CharacterOffsetEnd>
            <POS>NN</POS>
          </token>
          <token id="3">
            <word>occurred</word>
            <lemma>occur</lemma>
            <CharacterOffsetBegin>124</CharacterOffsetBegin>
            <CharacterOffsetEnd>132</CharacterOffsetEnd>
            <POS>VBD</POS>
          </token>
          <token id="4">
            <word>less</word>
            <lemma>less</lemma>
            <CharacterOffsetBegin>133</CharacterOffsetBegin>
            <CharacterOffsetEnd>137</CharacterOffsetEnd>
            <POS>JJR</POS>
          </token>
          <token id="5">
            <word>than</word>
            <lemma>than</lemma>
            <CharacterOffsetBegin>138</CharacterOffsetBegin>
            <CharacterOffsetEnd>142</CharacterOffsetEnd>
            <POS>IN</POS>
          </token>
          <token id="6">
            <word>two</word>
            <lemma>two</lemma>
            <CharacterOffsetBegin>143</CharacterOffsetBegin>
            <CharacterOffsetEnd>146</CharacterOffsetEnd>
            <POS>CD</POS>
          </token>
          <token id="7">
            <word>hours</word>
            <lemma>hour</lemma>
            <CharacterOffsetBegin>147</CharacterOffsetBegin>
            <CharacterOffsetEnd>152</CharacterOffsetEnd>
            <POS>NNS</POS>
          </token>
          <token id="8">
            <word>after</word>
            <lemma>after</lemma>
            <CharacterOffsetBegin>153</CharacterOffsetBegin>
            <CharacterOffsetEnd>158</CharacterOffsetEnd>
            <POS>IN</POS>
          </token>
          <token id="9">
            <word>another</word>
            <lemma>another</lemma>
            <CharacterOffsetBegin>159</CharacterOffsetBegin>
            <CharacterOffsetEnd>166</CharacterOffsetEnd>
            <POS>DT</POS>
          </token>
          <token id="10">
            <word>F-16</word>
            <lemma>f-16</lemma>
            <CharacterOffsetBegin>167</CharacterOffsetBegin>
            <CharacterOffsetEnd>171</CharacterOffsetEnd>
            <POS>NN</POS>
          </token>
          <token id="11">
            <word>crashed</word>
            <lemma>crash</lemma>
            <CharacterOffsetBegin>172</CharacterOffsetBegin>
            <CharacterOffsetEnd>179</CharacterOffsetEnd>
            <POS>VBD</POS>
          </token>
          <token id="12">
            <word>into</word>
            <lemma>into</lemma>
            <CharacterOffsetBegin>180</CharacterOffsetBegin>
            <CharacterOffsetEnd>184</CharacterOffsetEnd>
            <POS>IN</POS>
          </token>
          <token id="13">
            <word>the</word>
            <lemma>the</lemma>
            <CharacterOffsetBegin>185</CharacterOffsetBegin>
            <CharacterOffsetEnd>188</CharacterOffsetEnd>
            <POS>DT</POS>
          </token>
          <token id="14">
            <word>Black</word>
            <lemma>Black</lemma>
            <CharacterOffsetBegin>189</CharacterOffsetBegin>
            <CharacterOffsetEnd>194</CharacterOffsetEnd>
            <POS>NNP</POS>
          </token>
          <token id="15">
            <word>Forest</word>
            <lemma>forest</lemma>
            <CharacterOffsetBegin>195</CharacterOffsetBegin>
            <CharacterOffsetEnd>201</CharacterOffsetEnd>
            <POS>NN</POS>
          </token>
          <token id="16">
            <word>.</word>
            <lemma>.</lemma>
            <CharacterOffsetBegin>201</CharacterOffsetBegin>
            <CharacterOffsetEnd>202</CharacterOffsetEnd>
            <POS>.</POS>
          </token>
        </tokens>
      </sentence>
      <sentence id="3">
        <tokens>
          <token id="1">
            <word>West</word>
            <lemma>west</lemma>
            <CharacterOffsetBegin>206</CharacterOffsetBegin>
            <CharacterOffsetEnd>210</CharacterOffsetEnd>
            <POS>JJ</POS>
          </token>
          <token id="2">
            <word>German</word>
            <lemma>german</lemma>
            <CharacterOffsetBegin>211</CharacterOffsetBegin>
            <CharacterOffsetEnd>217</CharacterOffsetEnd>
            <POS>JJ</POS>
          </token>
          <token id="3">
            <word>police</word>
            <lemma>police</lemma>
            <CharacterOffsetBegin>218</CharacterOffsetBegin>
            <CharacterOffsetEnd>224</CharacterOffsetEnd>
            <POS>NNS</POS>
          </token>
          <token id="4">
            <word>said</word>
            <lemma>say</lemma>
            <CharacterOffsetBegin>225</CharacterOffsetBegin>
            <CharacterOffsetEnd>229</CharacterOffsetEnd>
            <POS>VBD</POS>
          </token>
          <token id="5">
            <word>one</word>
            <lemma>one</lemma>
            <CharacterOffsetBegin>230</CharacterOffsetBegin>
            <CharacterOffsetEnd>233</CharacterOffsetEnd>
            <POS>CD</POS>
          </token>
          <token id="6">
            <word>pilot</word>
            <lemma>pilot</lemma>
            <CharacterOffsetBegin>234</CharacterOffsetBegin>
            <CharacterOffsetEnd>239</CharacterOffsetEnd>
            <POS>NN</POS>
          </token>
          <token id="7">
            <word>was</word>
            <lemma>be</lemma>
            <CharacterOffsetBegin>240</CharacterOffsetBegin>
            <CharacterOffsetEnd>243</CharacterOffsetEnd>
            <POS>VBD</POS>
          </token>
          <token id="8">
            <word>killed</word>
            <lemma>kill</lemma>
            <CharacterOffsetBegin>244</CharacterOffsetBegin>
            <CharacterOffsetEnd>250</CharacterOffsetEnd>
            <POS>VBN</POS>
          </token>
          <token id="9">
            <word>in</word>
            <lemma>in</lemma>
            <CharacterOffsetBegin>251</CharacterOffsetBegin>
            <CharacterOffsetEnd>253</CharacterOffsetEnd>
            <POS>IN</POS>
          </token>
          <token id="10">
            <word>the</word>
            <lemma>the</lemma>
            <CharacterOffsetBegin>254</CharacterOffsetBegin>
            <CharacterOffsetEnd>257</CharacterOffsetEnd>
            <POS>DT</POS>
          </token>
          <token id="11">
            <word>in-flight</word>
            <lemma>in-flight</lemma>
            <CharacterOffsetBegin>258</CharacterOffsetBegin>
            <CharacterOffsetEnd>267</CharacterOffsetEnd>
            <POS>JJ</POS>
          </token>
          <token id="12">
            <word>crash</word>
            <lemma>crash</lemma>
            <CharacterOffsetBegin>268</CharacterOffsetBegin>
            <CharacterOffsetEnd>273</CharacterOffsetEnd>
            <POS>NN</POS>
          </token>
          <token id="13">
            <word>.</word>
            <lemma>.</lemma>
            <CharacterOffsetBegin>273</CharacterOffsetBegin>
            <CharacterOffsetEnd>274</CharacterOffsetEnd>
            <POS>.</POS>
          </token>
        </tokens>
      </sentence>
      <sentence id="4">
        <tokens>
          <token id="1">
            <word>The</word>
            <lemma>the</lemma>
            <CharacterOffsetBegin>278</CharacterOffsetBegin>
            <CharacterOffsetEnd>281</CharacterOffsetEnd>
            <POS>DT</POS>
          </token>
          <token id="2">
            <word>Air</word>
            <lemma>Air</lemma>
            <CharacterOffsetBegin>282</CharacterOffsetBegin>
            <CharacterOffsetEnd>285</CharacterOffsetEnd>
            <POS>NNP</POS>
          </token>
          <token id="3">
            <word>Force</word>
            <lemma>Force</lemma>
            <CharacterOffsetBegin>286</CharacterOffsetBegin>
            <CharacterOffsetEnd>291</CharacterOffsetEnd>
            <POS>NNP</POS>
          </token>
          <token id="4">
            <word>spokeswoman</word>
            <lemma>spokeswoman</lemma>
            <CharacterOffsetBegin>292</CharacterOffsetBegin>
            <CharacterOffsetEnd>303</CharacterOffsetEnd>
            <POS>NN</POS>
          </token>
          <token id="5">
            <word>,</word>
            <lemma>,</lemma>
            <CharacterOffsetBegin>303</CharacterOffsetBegin>
            <CharacterOffsetEnd>304</CharacterOffsetEnd>
            <POS>,</POS>
          </token>
          <token id="6">
            <word>Capt.</word>
            <lemma>Capt.</lemma>
            <CharacterOffsetBegin>305</CharacterOffsetBegin>
            <CharacterOffsetEnd>310</CharacterOffsetEnd>
            <POS>NNP</POS>
          </token>
          <token id="7">
            <word>Gail</word>
            <lemma>gail</lemma>
            <CharacterOffsetBegin>311</CharacterOffsetBegin>
            <CharacterOffsetEnd>315</CharacterOffsetEnd>
            <POS>NN</POS>
          </token>
          <token id="8">
            <word>Hayes</word>
            <lemma>Hayes</lemma>
            <CharacterOffsetBegin>316</CharacterOffsetBegin>
            <CharacterOffsetEnd>321</CharacterOffsetEnd>
            <POS>NNP</POS>
          </token>
          <token id="9">
            <word>,</word>
            <lemma>,</lemma>
            <CharacterOffsetBegin>321</CharacterOffsetBegin>
            <CharacterOffsetEnd>322</CharacterOffsetEnd>
            <POS>,</POS>
          </token>
          <token id="10">
            <word>said</word>
            <lemma>say</lemma>
            <CharacterOffsetBegin>323</CharacterOffsetBegin>
            <CharacterOffsetEnd>327</CharacterOffsetEnd>
            <POS>VBD</POS>
          </token>
          <token id="11">
            <word>the</word>
            <lemma>the</lemma>
            <CharacterOffsetBegin>328</CharacterOffsetBegin>
            <CharacterOffsetEnd>331</CharacterOffsetEnd>
            <POS>DT</POS>
          </token>
          <token id="12">
            <word>aircraft</word>
            <lemma>aircraft</lemma>
            <CharacterOffsetBegin>332</CharacterOffsetBegin>
            <CharacterOffsetEnd>340</CharacterOffsetEnd>
            <POS>NN</POS>
          </token>
          <token id="13">
            <word>were</word>
            <lemma>be</lemma>
            <CharacterOffsetBegin>341</CharacterOffsetBegin>
            <CharacterOffsetEnd>345</CharacterOffsetEnd>
            <POS>VBD</POS>
          </token>
          <token id="14">
            <word>on</word>
            <lemma>on</lemma>
            <CharacterOffsetBegin>346</CharacterOffsetBegin>
            <CharacterOffsetEnd>348</CharacterOffsetEnd>
            <POS>IN</POS>
          </token>
          <token id="15">
            <word>a</word>
            <lemma>a</lemma>
            <CharacterOffsetBegin>349</CharacterOffsetBegin>
            <CharacterOffsetEnd>350</CharacterOffsetEnd>
            <POS>DT</POS>
          </token>
          <token id="16">
            <word>training</word>
            <lemma>training</lemma>
            <CharacterOffsetBegin>351</CharacterOffsetBegin>
            <CharacterOffsetEnd>359</CharacterOffsetEnd>
            <POS>NN</POS>
          </token>
          <token id="17">
            <word>mission</word>
            <lemma>mission</lemma>
            <CharacterOffsetBegin>360</CharacterOffsetBegin>
            <CharacterOffsetEnd>367</CharacterOffsetEnd>
            <POS>NN</POS>
          </token>
          <token id="18">
            <word>when</word>
            <lemma>when</lemma>
            <CharacterOffsetBegin>368</CharacterOffsetBegin>
            <CharacterOffsetEnd>372</CharacterOffsetEnd>
            <POS>WRB</POS>
          </token>
          <token id="19">
            <word>they</word>
            <lemma>they</lemma>
            <CharacterOffsetBegin>373</CharacterOffsetBegin>
            <CharacterOffsetEnd>377</CharacterOffsetEnd>
            <POS>PRP</POS>
          </token>
          <token id="20">
            <word>crashed</word>
            <lemma>crash</lemma>
            <CharacterOffsetBegin>378</CharacterOffsetBegin>
            <CharacterOffsetEnd>385</CharacterOffsetEnd>
            <POS>VBD</POS>
          </token>
          <token id="21">
            <word>near</word>
            <lemma>near</lemma>
            <CharacterOffsetBegin>386</CharacterOffsetBegin>
            <CharacterOffsetEnd>390</CharacterOffsetEnd>
            <POS>IN</POS>
          </token>
          <token id="22">
            <word>Bodenheim</word>
            <lemma>Bodenheim</lemma>
            <CharacterOffsetBegin>391</CharacterOffsetBegin>
            <CharacterOffsetEnd>400</CharacterOffsetEnd>
            <POS>NNP</POS>
          </token>
          <token id="23">
            <word>,</word>
            <lemma>,</lemma>
            <CharacterOffsetBegin>400</CharacterOffsetBegin>
            <CharacterOffsetEnd>401</CharacterOffsetEnd>
            <POS>,</POS>
          </token>
          <token id="24">
            <word>about</word>
            <lemma>about</lemma>
            <CharacterOffsetBegin>402</CharacterOffsetBegin>
            <CharacterOffsetEnd>407</CharacterOffsetEnd>
            <POS>IN</POS>
          </token>
          <token id="25">
            <word>six</word>
            <lemma>six</lemma>
            <CharacterOffsetBegin>408</CharacterOffsetBegin>
            <CharacterOffsetEnd>411</CharacterOffsetEnd>
            <POS>CD</POS>
          </token>
          <token id="26">
            <word>miles</word>
            <lemma>mile</lemma>
            <CharacterOffsetBegin>412</CharacterOffsetBegin>
            <CharacterOffsetEnd>417</CharacterOffsetEnd>
            <POS>NNS</POS>
          </token>
          <token id="27">
            <word>south</word>
            <lemma>south</lemma>
            <CharacterOffsetBegin>418</CharacterOffsetBegin>
            <CharacterOffsetEnd>423</CharacterOffsetEnd>
            <POS>RB</POS>
          </token>
          <token id="28">
            <word>of</word>
            <lemma>of</lemma>
            <CharacterOffsetBegin>424</CharacterOffsetBegin>
            <CharacterOffsetEnd>426</CharacterOffsetEnd>
            <POS>IN</POS>
          </token>
          <token id="29">
            <word>Mainz</word>
            <lemma>Mainz</lemma>
            <CharacterOffsetBegin>427</CharacterOffsetBegin>
            <CharacterOffsetEnd>432</CharacterOffsetEnd>
            <POS>NNP</POS>
          </token>
          <token id="30">
            <word>.</word>
            <lemma>.</lemma>
            <CharacterOffsetBegin>432</CharacterOffsetBegin>
            <CharacterOffsetEnd>433</CharacterOffsetEnd>
            <POS>.</POS>
          </token>
        </tokens>
      </sentence>
      <sentence id="5">
        <tokens>
          <token id="1">
            <word>She</word>
            <lemma>she</lemma>
            <CharacterOffsetBegin>437</CharacterOffsetBegin>
            <CharacterOffsetEnd>440</CharacterOffsetEnd>
            <POS>PRP</POS>
          </token>
          <token id="2">
            <word>said</word>
            <lemma>say</lemma>
            <CharacterOffsetBegin>441</CharacterOffsetBegin>
            <CharacterOffsetEnd>445</CharacterOffsetEnd>
            <POS>VBD</POS>
          </token>
          <token id="3">
            <word>the</word>
            <lemma>the</lemma>
            <CharacterOffsetBegin>446</CharacterOffsetBegin>
            <CharacterOffsetEnd>449</CharacterOffsetEnd>
            <POS>DT</POS>
          </token>
          <token id="4">
            <word>aircraft</word>
            <lemma>aircraft</lemma>
            <CharacterOffsetBegin>450</CharacterOffsetBegin>
            <CharacterOffsetEnd>458</CharacterOffsetEnd>
            <POS>NN</POS>
          </token>
          <token id="5">
            <word>,</word>
            <lemma>,</lemma>
            <CharacterOffsetBegin>458</CharacterOffsetBegin>
            <CharacterOffsetEnd>459</CharacterOffsetEnd>
            <POS>,</POS>
          </token>
          <token id="6">
            <word>assigned</word>
            <lemma>assign</lemma>
            <CharacterOffsetBegin>460</CharacterOffsetBegin>
            <CharacterOffsetEnd>468</CharacterOffsetEnd>
            <POS>VBN</POS>
          </token>
          <token id="7">
            <word>to</word>
            <lemma>to</lemma>
            <CharacterOffsetBegin>469</CharacterOffsetBegin>
            <CharacterOffsetEnd>471</CharacterOffsetEnd>
            <POS>TO</POS>
          </token>
          <token id="8">
            <word>the</word>
            <lemma>the</lemma>
            <CharacterOffsetBegin>472</CharacterOffsetBegin>
            <CharacterOffsetEnd>475</CharacterOffsetEnd>
            <POS>DT</POS>
          </token>
          <token id="9">
            <word>50th</word>
            <lemma>50th</lemma>
            <CharacterOffsetBegin>476</CharacterOffsetBegin>
            <CharacterOffsetEnd>480</CharacterOffsetEnd>
            <POS>JJ</POS>
          </token>
          <token id="10">
            <word>Tactical</word>
            <lemma>Tactical</lemma>
            <CharacterOffsetBegin>481</CharacterOffsetBegin>
            <CharacterOffsetEnd>489</CharacterOffsetEnd>
            <POS>NNP</POS>
          </token>
          <token id="11">
            <word>Fighter</word>
            <lemma>Fighter</lemma>
            <CharacterOffsetBegin>490</CharacterOffsetBegin>
            <CharacterOffsetEnd>497</CharacterOffsetEnd>
            <POS>NNP</POS>
          </token>
          <token id="12">
            <word>Wing</word>
            <lemma>wing</lemma>
            <CharacterOffsetBegin>498</CharacterOffsetBegin>
            <CharacterOffsetEnd>502</CharacterOffsetEnd>
            <POS>NN</POS>
          </token>
          <token id="13">
            <word>at</word>
            <lemma>at</lemma>
            <CharacterOffsetBegin>503</CharacterOffsetBegin>
            <CharacterOffsetEnd>505</CharacterOffsetEnd>
            <POS>IN</POS>
          </token>
          <token id="14">
            <word>Hahn</word>
            <lemma>Hahn</lemma>
            <CharacterOffsetBegin>506</CharacterOffsetBegin>
            <CharacterOffsetEnd>510</CharacterOffsetEnd>
            <POS>NNP</POS>
          </token>
          <token id="15">
            <word>Air</word>
            <lemma>Air</lemma>
            <CharacterOffsetBegin>511</CharacterOffsetBegin>
            <CharacterOffsetEnd>514</CharacterOffsetEnd>
            <POS>NNP</POS>
          </token>
          <token id="16">
            <word>Base</word>
            <lemma>Base</lemma>
            <CharacterOffsetBegin>515</CharacterOffsetBegin>
            <CharacterOffsetEnd>519</CharacterOffsetEnd>
            <POS>NNP</POS>
          </token>
          <token id="17">
            <word>,</word>
            <lemma>,</lemma>
            <CharacterOffsetBegin>519</CharacterOffsetBegin>
            <CharacterOffsetEnd>520</CharacterOffsetEnd>
            <POS>,</POS>
          </token>
          <token id="18">
            <word>crashed</word>
            <lemma>crash</lemma>
            <CharacterOffsetBegin>521</CharacterOffsetBegin>
            <CharacterOffsetEnd>528</CharacterOffsetEnd>
            <POS>VBD</POS>
          </token>
          <token id="19">
            <word>at</word>
            <lemma>at</lemma>
            <CharacterOffsetBegin>529</CharacterOffsetBegin>
            <CharacterOffsetEnd>531</CharacterOffsetEnd>
            <POS>IN</POS>
          </token>
          <token id="20">
            <word>1:30</word>
            <lemma>1:30</lemma>
            <CharacterOffsetBegin>532</CharacterOffsetBegin>
            <CharacterOffsetEnd>536</CharacterOffsetEnd>
            <POS>CD</POS>
          </token>
          <token id="21">
            <word>p.m.</word>
            <lemma>p.m.</lemma>
            <CharacterOffsetBegin>537</CharacterOffsetBegin>
            <CharacterOffsetEnd>541</CharacterOffsetEnd>
            <POS>NN</POS>
          </token>
          <token id="22">
            <word>``</word>
            <lemma>``</lemma>
            <CharacterOffsetBegin>545</CharacterOffsetBegin>
            <CharacterOffsetEnd>547</CharacterOffsetEnd>
            <POS>``</POS>
          </token>
          <token id="23">
            <word>There</word>
            <lemma>there</lemma>
            <CharacterOffsetBegin>547</CharacterOffsetBegin>
            <CharacterOffsetEnd>552</CharacterOffsetEnd>
            <POS>EX</POS>
          </token>
          <token id="24">
            <word>was</word>
            <lemma>be</lemma>
            <CharacterOffsetBegin>553</CharacterOffsetBegin>
            <CharacterOffsetEnd>556</CharacterOffsetEnd>
            <POS>VBD</POS>
          </token>
          <token id="25">
            <word>one</word>
            <lemma>one</lemma>
            <CharacterOffsetBegin>557</CharacterOffsetBegin>
            <CharacterOffsetEnd>560</CharacterOffsetEnd>
            <POS>CD</POS>
          </token>
          <token id="26">
            <word>person</word>
            <lemma>person</lemma>
            <CharacterOffsetBegin>561</CharacterOffsetBegin>
            <CharacterOffsetEnd>567</CharacterOffsetEnd>
            <POS>NN</POS>
          </token>
          <token id="27">
            <word>aboard</word>
            <lemma>aboard</lemma>
            <CharacterOffsetBegin>568</CharacterOffsetBegin>
            <CharacterOffsetEnd>574</CharacterOffsetEnd>
            <POS>IN</POS>
          </token>
          <token id="28">
            <word>each</word>
            <lemma>each</lemma>
            <CharacterOffsetBegin>575</CharacterOffsetBegin>
            <CharacterOffsetEnd>579</CharacterOffsetEnd>
            <POS>DT</POS>
          </token>
          <token id="29">
            <word>aircraft</word>
            <lemma>aircraft</lemma>
            <CharacterOffsetBegin>580</CharacterOffsetBegin>
            <CharacterOffsetEnd>588</CharacterOffsetEnd>
            <POS>NN</POS>
          </token>
          <token id="30">
            <word>.</word>
            <lemma>.</lemma>
            <CharacterOffsetBegin>588</CharacterOffsetBegin>
            <CharacterOffsetEnd>589</CharacterOffsetEnd>
            <POS>.</POS>
          </token>
        </tokens>
      </sentence>
      <sentence id="6">
        <tokens>
          <token id="1">
            <word>The</word>
            <lemma>the</lemma>
            <CharacterOffsetBegin>590</CharacterOffsetBegin>
            <CharacterOffsetEnd>593</CharacterOffsetEnd>
            <POS>DT</POS>
          </token>
          <token id="2">
            <word>condition</word>
            <lemma>condition</lemma>
            <CharacterOffsetBegin>594</CharacterOffsetBegin>
            <CharacterOffsetEnd>603</CharacterOffsetEnd>
            <POS>NN</POS>
          </token>
          <token id="3">
            <word>of</word>
            <lemma>of</lemma>
            <CharacterOffsetBegin>604</CharacterOffsetBegin>
            <CharacterOffsetEnd>606</CharacterOffsetEnd>
            <POS>IN</POS>
          </token>
          <token id="4">
            <word>those</word>
            <lemma>those</lemma>
            <CharacterOffsetBegin>607</CharacterOffsetBegin>
            <CharacterOffsetEnd>612</CharacterOffsetEnd>
            <POS>DT</POS>
          </token>
          <token id="5">
            <word>on</word>
            <lemma>on</lemma>
            <CharacterOffsetBegin>613</CharacterOffsetBegin>
            <CharacterOffsetEnd>615</CharacterOffsetEnd>
            <POS>IN</POS>
          </token>
          <token id="6">
            <word>board</word>
            <lemma>board</lemma>
            <CharacterOffsetBegin>616</CharacterOffsetBegin>
            <CharacterOffsetEnd>621</CharacterOffsetEnd>
            <POS>NN</POS>
          </token>
          <token id="7">
            <word>is</word>
            <lemma>be</lemma>
            <CharacterOffsetBegin>622</CharacterOffsetBegin>
            <CharacterOffsetEnd>624</CharacterOffsetEnd>
            <POS>VBZ</POS>
          </token>
          <token id="8">
            <word>unknown</word>
            <lemma>unknown</lemma>
            <CharacterOffsetBegin>625</CharacterOffsetBegin>
            <CharacterOffsetEnd>632</CharacterOffsetEnd>
            <POS>JJ</POS>
          </token>
          <token id="9">
            <word>,</word>
            <lemma>,</lemma>
            <CharacterOffsetBegin>632</CharacterOffsetBegin>
            <CharacterOffsetEnd>633</CharacterOffsetEnd>
            <POS>,</POS>
          </token>
          <token id="10">
            <word>''</word>
            <lemma>''</lemma>
            <CharacterOffsetBegin>633</CharacterOffsetBegin>
            <CharacterOffsetEnd>635</CharacterOffsetEnd>
            <POS>''</POS>
          </token>
          <token id="11">
            <word>Ms.</word>
            <lemma>Ms.</lemma>
            <CharacterOffsetBegin>636</CharacterOffsetBegin>
            <CharacterOffsetEnd>639</CharacterOffsetEnd>
            <POS>NNP</POS>
          </token>
          <token id="12">
            <word>Hayes</word>
            <lemma>Hayes</lemma>
            <CharacterOffsetBegin>640</CharacterOffsetBegin>
            <CharacterOffsetEnd>645</CharacterOffsetEnd>
            <POS>NNP</POS>
          </token>
          <token id="13">
            <word>told</word>
            <lemma>tell</lemma>
            <CharacterOffsetBegin>646</CharacterOffsetBegin>
            <CharacterOffsetEnd>650</CharacterOffsetEnd>
            <POS>VBD</POS>
          </token>
          <token id="14">
            <word>The</word>
            <lemma>the</lemma>
            <CharacterOffsetBegin>651</CharacterOffsetBegin>
            <CharacterOffsetEnd>654</CharacterOffsetEnd>
            <POS>DT</POS>
          </token>
          <token id="15">
            <word>Associated</word>
            <lemma>Associated</lemma>
            <CharacterOffsetBegin>655</CharacterOffsetBegin>
            <CharacterOffsetEnd>665</CharacterOffsetEnd>
            <POS>NNP</POS>
          </token>
          <token id="16">
            <word>Press</word>
            <lemma>Press</lemma>
            <CharacterOffsetBegin>666</CharacterOffsetBegin>
            <CharacterOffsetEnd>671</CharacterOffsetEnd>
            <POS>NNP</POS>
          </token>
          <token id="17">
            <word>in</word>
            <lemma>in</lemma>
            <CharacterOffsetBegin>672</CharacterOffsetBegin>
            <CharacterOffsetEnd>674</CharacterOffsetEnd>
            <POS>IN</POS>
          </token>
          <token id="18">
            <word>a</word>
            <lemma>a</lemma>
            <CharacterOffsetBegin>675</CharacterOffsetBegin>
            <CharacterOffsetEnd>676</CharacterOffsetEnd>
            <POS>DT</POS>
          </token>
          <token id="19">
            <word>telephone</word>
            <lemma>telephone</lemma>
            <CharacterOffsetBegin>677</CharacterOffsetBegin>
            <CharacterOffsetEnd>686</CharacterOffsetEnd>
            <POS>NN</POS>
          </token>
          <token id="20">
            <word>interview</word>
            <lemma>interview</lemma>
            <CharacterOffsetBegin>687</CharacterOffsetBegin>
            <CharacterOffsetEnd>696</CharacterOffsetEnd>
            <POS>NN</POS>
          </token>
          <token id="21">
            <word>from</word>
            <lemma>from</lemma>
            <CharacterOffsetBegin>697</CharacterOffsetBegin>
            <CharacterOffsetEnd>701</CharacterOffsetEnd>
            <POS>IN</POS>
          </token>
          <token id="22">
            <word>U.S.</word>
            <lemma>U.S.</lemma>
            <CharacterOffsetBegin>702</CharacterOffsetBegin>
            <CharacterOffsetEnd>706</CharacterOffsetEnd>
            <POS>NNP</POS>
          </token>
          <token id="23">
            <word>Air</word>
            <lemma>Air</lemma>
            <CharacterOffsetBegin>707</CharacterOffsetBegin>
            <CharacterOffsetEnd>710</CharacterOffsetEnd>
            <POS>NNP</POS>
          </token>
          <token id="24">
            <word>Force</word>
            <lemma>Force</lemma>
            <CharacterOffsetBegin>711</CharacterOffsetBegin>
            <CharacterOffsetEnd>716</CharacterOffsetEnd>
            <POS>NNP</POS>
          </token>
          <token id="25">
            <word>European</word>
            <lemma>European</lemma>
            <CharacterOffsetBegin>717</CharacterOffsetBegin>
            <CharacterOffsetEnd>725</CharacterOffsetEnd>
            <POS>NNP</POS>
          </token>
          <token id="26">
            <word>headquarters</word>
            <lemma>headquarters</lemma>
            <CharacterOffsetBegin>726</CharacterOffsetBegin>
            <CharacterOffsetEnd>738</CharacterOffsetEnd>
            <POS>NN</POS>
          </token>
          <token id="27">
            <word>at</word>
            <lemma>at</lemma>
            <CharacterOffsetBegin>739</CharacterOffsetBegin>
            <CharacterOffsetEnd>741</CharacterOffsetEnd>
            <POS>IN</POS>
          </token>
          <token id="28">
            <word>Ramstein</word>
            <lemma>Ramstein</lemma>
            <CharacterOffsetBegin>742</CharacterOffsetBegin>
            <CharacterOffsetEnd>750</CharacterOffsetEnd>
            <POS>NNP</POS>
          </token>
          <token id="29">
            <word>Air</word>
            <lemma>Air</lemma>
            <CharacterOffsetBegin>751</CharacterOffsetBegin>
            <CharacterOffsetEnd>754</CharacterOffsetEnd>
            <POS>NNP</POS>
          </token>
          <token id="30">
            <word>Base</word>
            <lemma>Base</lemma>
            <CharacterOffsetBegin>755</CharacterOffsetBegin>
            <CharacterOffsetEnd>759</CharacterOffsetEnd>
            <POS>NNP</POS>
          </token>
          <token id="31">
            <word>.</word>
            <lemma>.</lemma>
            <CharacterOffsetBegin>759</CharacterOffsetBegin>
            <CharacterOffsetEnd>760</CharacterOffsetEnd>
            <POS>.</POS>
          </token>
        </tokens>
      </sentence>
      <sentence id="7">
        <tokens>
          <token id="1">
            <word>West</word>
            <lemma>west</lemma>
            <CharacterOffsetBegin>764</CharacterOffsetBegin>
            <CharacterOffsetEnd>768</CharacterOffsetEnd>
            <POS>JJ</POS>
          </token>
          <token id="2">
            <word>German</word>
            <lemma>german</lemma>
            <CharacterOffsetBegin>769</CharacterOffsetBegin>
            <CharacterOffsetEnd>775</CharacterOffsetEnd>
            <POS>JJ</POS>
          </token>
          <token id="3">
            <word>police</word>
            <lemma>police</lemma>
            <CharacterOffsetBegin>776</CharacterOffsetBegin>
            <CharacterOffsetEnd>782</CharacterOffsetEnd>
            <POS>NNS</POS>
          </token>
          <token id="4">
            <word>spokesman</word>
            <lemma>spokesman</lemma>
            <CharacterOffsetBegin>783</CharacterOffsetBegin>
            <CharacterOffsetEnd>792</CharacterOffsetEnd>
            <POS>NN</POS>
          </token>
          <token id="5">
            <word>Hugo</word>
            <lemma>Hugo</lemma>
            <CharacterOffsetBegin>793</CharacterOffsetBegin>
            <CharacterOffsetEnd>797</CharacterOffsetEnd>
            <POS>NNP</POS>
          </token>
          <token id="6">
            <word>Lenxweiler</word>
            <lemma>Lenxweiler</lemma>
            <CharacterOffsetBegin>798</CharacterOffsetBegin>
            <CharacterOffsetEnd>808</CharacterOffsetEnd>
            <POS>NNP</POS>
          </token>
          <token id="7">
            <word>told</word>
            <lemma>tell</lemma>
            <CharacterOffsetBegin>809</CharacterOffsetBegin>
            <CharacterOffsetEnd>813</CharacterOffsetEnd>
            <POS>VBD</POS>
          </token>
          <token id="8">
            <word>the</word>
            <lemma>the</lemma>
            <CharacterOffsetBegin>814</CharacterOffsetBegin>
            <CharacterOffsetEnd>817</CharacterOffsetEnd>
            <POS>DT</POS>
          </token>
          <token id="9">
            <word>AP</word>
            <lemma>ap</lemma>
            <CharacterOffsetBegin>818</CharacterOffsetBegin>
            <CharacterOffsetEnd>820</CharacterOffsetEnd>
            <POS>NN</POS>
          </token>
          <token id="10">
            <word>in</word>
            <lemma>in</lemma>
            <CharacterOffsetBegin>821</CharacterOffsetBegin>
            <CharacterOffsetEnd>823</CharacterOffsetEnd>
            <POS>IN</POS>
          </token>
          <token id="11">
            <word>a</word>
            <lemma>a</lemma>
            <CharacterOffsetBegin>824</CharacterOffsetBegin>
            <CharacterOffsetEnd>825</CharacterOffsetEnd>
            <POS>DT</POS>
          </token>
          <token id="12">
            <word>telephone</word>
            <lemma>telephone</lemma>
            <CharacterOffsetBegin>826</CharacterOffsetBegin>
            <CharacterOffsetEnd>835</CharacterOffsetEnd>
            <POS>NN</POS>
          </token>
          <token id="13">
            <word>interview</word>
            <lemma>interview</lemma>
            <CharacterOffsetBegin>836</CharacterOffsetBegin>
            <CharacterOffsetEnd>845</CharacterOffsetEnd>
            <POS>NN</POS>
          </token>
          <token id="14">
            <word>that</word>
            <lemma>that</lemma>
            <CharacterOffsetBegin>846</CharacterOffsetBegin>
            <CharacterOffsetEnd>850</CharacterOffsetEnd>
            <POS>WDT</POS>
          </token>
          <token id="15">
            <word>one</word>
            <lemma>one</lemma>
            <CharacterOffsetBegin>851</CharacterOffsetBegin>
            <CharacterOffsetEnd>854</CharacterOffsetEnd>
            <POS>CD</POS>
          </token>
          <token id="16">
            <word>of</word>
            <lemma>of</lemma>
            <CharacterOffsetBegin>855</CharacterOffsetBegin>
            <CharacterOffsetEnd>857</CharacterOffsetEnd>
            <POS>IN</POS>
          </token>
          <token id="17">
            <word>the</word>
            <lemma>the</lemma>
            <CharacterOffsetBegin>858</CharacterOffsetBegin>
            <CharacterOffsetEnd>861</CharacterOffsetEnd>
            <POS>DT</POS>
          </token>
          <token id="18">
            <word>pilots</word>
            <lemma>pilot</lemma>
            <CharacterOffsetBegin>862</CharacterOffsetBegin>
            <CharacterOffsetEnd>868</CharacterOffsetEnd>
            <POS>NNS</POS>
          </token>
          <token id="19">
            <word>was</word>
            <lemma>be</lemma>
            <CharacterOffsetBegin>869</CharacterOffsetBegin>
            <CharacterOffsetEnd>872</CharacterOffsetEnd>
            <POS>VBD</POS>
          </token>
          <token id="20">
            <word>killed</word>
            <lemma>kill</lemma>
            <CharacterOffsetBegin>873</CharacterOffsetBegin>
            <CharacterOffsetEnd>879</CharacterOffsetEnd>
            <POS>VBN</POS>
          </token>
          <token id="21">
            <word>in</word>
            <lemma>in</lemma>
            <CharacterOffsetBegin>880</CharacterOffsetBegin>
            <CharacterOffsetEnd>882</CharacterOffsetEnd>
            <POS>IN</POS>
          </token>
          <token id="22">
            <word>the</word>
            <lemma>the</lemma>
            <CharacterOffsetBegin>883</CharacterOffsetBegin>
            <CharacterOffsetEnd>886</CharacterOffsetEnd>
            <POS>DT</POS>
          </token>
          <token id="23">
            <word>accident</word>
            <lemma>accident</lemma>
            <CharacterOffsetBegin>887</CharacterOffsetBegin>
            <CharacterOffsetEnd>895</CharacterOffsetEnd>
            <POS>NN</POS>
          </token>
          <token id="24">
            <word>.</word>
            <lemma>.</lemma>
            <CharacterOffsetBegin>895</CharacterOffsetBegin>
            <CharacterOffsetEnd>896</CharacterOffsetEnd>
            <POS>.</POS>
          </token>
        </tokens>
      </sentence>
      <sentence id="8">
        <tokens>
          <token id="1">
            <word>``</word>
            <lemma>``</lemma>
            <CharacterOffsetBegin>900</CharacterOffsetBegin>
            <CharacterOffsetEnd>902</CharacterOffsetEnd>
            <POS>``</POS>
          </token>
          <token id="2">
            <word>The</word>
            <lemma>the</lemma>
            <CharacterOffsetBegin>902</CharacterOffsetBegin>
            <CharacterOffsetEnd>905</CharacterOffsetEnd>
            <POS>DT</POS>
          </token>
          <token id="3">
            <word>other</word>
            <lemma>other</lemma>
            <CharacterOffsetBegin>906</CharacterOffsetBegin>
            <CharacterOffsetEnd>911</CharacterOffsetEnd>
            <POS>JJ</POS>
          </token>
          <token id="4">
            <word>pilot</word>
            <lemma>pilot</lemma>
            <CharacterOffsetBegin>912</CharacterOffsetBegin>
            <CharacterOffsetEnd>917</CharacterOffsetEnd>
            <POS>NN</POS>
          </token>
          <token id="5">
            <word>was</word>
            <lemma>be</lemma>
            <CharacterOffsetBegin>918</CharacterOffsetBegin>
            <CharacterOffsetEnd>921</CharacterOffsetEnd>
            <POS>VBD</POS>
          </token>
          <token id="6">
            <word>able</word>
            <lemma>able</lemma>
            <CharacterOffsetBegin>922</CharacterOffsetBegin>
            <CharacterOffsetEnd>926</CharacterOffsetEnd>
            <POS>JJ</POS>
          </token>
          <token id="7">
            <word>to</word>
            <lemma>to</lemma>
            <CharacterOffsetBegin>927</CharacterOffsetBegin>
            <CharacterOffsetEnd>929</CharacterOffsetEnd>
            <POS>TO</POS>
          </token>
          <token id="8">
            <word>eject</word>
            <lemma>eject</lemma>
            <CharacterOffsetBegin>930</CharacterOffsetBegin>
            <CharacterOffsetEnd>935</CharacterOffsetEnd>
            <POS>VB</POS>
          </token>
          <token id="9">
            <word>safely</word>
            <lemma>safely</lemma>
            <CharacterOffsetBegin>936</CharacterOffsetBegin>
            <CharacterOffsetEnd>942</CharacterOffsetEnd>
            <POS>RB</POS>
          </token>
          <token id="10">
            <word>,</word>
            <lemma>,</lemma>
            <CharacterOffsetBegin>942</CharacterOffsetBegin>
            <CharacterOffsetEnd>943</CharacterOffsetEnd>
            <POS>,</POS>
          </token>
          <token id="11">
            <word>''</word>
            <lemma>''</lemma>
            <CharacterOffsetBegin>943</CharacterOffsetBegin>
            <CharacterOffsetEnd>945</CharacterOffsetEnd>
            <POS>''</POS>
          </token>
          <token id="12">
            <word>Lenxweiler</word>
            <lemma>Lenxweiler</lemma>
            <CharacterOffsetBegin>946</CharacterOffsetBegin>
            <CharacterOffsetEnd>956</CharacterOffsetEnd>
            <POS>NNP</POS>
          </token>
          <token id="13">
            <word>said</word>
            <lemma>say</lemma>
            <CharacterOffsetBegin>957</CharacterOffsetBegin>
            <CharacterOffsetEnd>961</CharacterOffsetEnd>
            <POS>VBD</POS>
          </token>
          <token id="14">
            <word>.</word>
            <lemma>.</lemma>
            <CharacterOffsetBegin>961</CharacterOffsetBegin>
            <CharacterOffsetEnd>962</CharacterOffsetEnd>
            <POS>.</POS>
          </token>
        </tokens>
      </sentence>
      <sentence id="9">
        <tokens>
          <token id="1">
            <word>Lenxweiler</word>
            <lemma>Lenxweiler</lemma>
            <CharacterOffsetBegin>966</CharacterOffsetBegin>
            <CharacterOffsetEnd>976</CharacterOffsetEnd>
            <POS>NNP</POS>
          </token>
          <token id="2">
            <word>said</word>
            <lemma>say</lemma>
            <CharacterOffsetBegin>977</CharacterOffsetBegin>
            <CharacterOffsetEnd>981</CharacterOffsetEnd>
            <POS>VBD</POS>
          </token>
          <token id="3">
            <word>he</word>
            <lemma>he</lemma>
            <CharacterOffsetBegin>982</CharacterOffsetBegin>
            <CharacterOffsetEnd>984</CharacterOffsetEnd>
            <POS>PRP</POS>
          </token>
          <token id="4">
            <word>did</word>
            <lemma>do</lemma>
            <CharacterOffsetBegin>985</CharacterOffsetBegin>
            <CharacterOffsetEnd>988</CharacterOffsetEnd>
            <POS>VBD</POS>
          </token>
          <token id="5">
            <word>not</word>
            <lemma>not</lemma>
            <CharacterOffsetBegin>989</CharacterOffsetBegin>
            <CharacterOffsetEnd>992</CharacterOffsetEnd>
            <POS>RB</POS>
          </token>
          <token id="6">
            <word>know</word>
            <lemma>know</lemma>
            <CharacterOffsetBegin>993</CharacterOffsetBegin>
            <CharacterOffsetEnd>997</CharacterOffsetEnd>
            <POS>VB</POS>
          </token>
          <token id="7">
            <word>if</word>
            <lemma>if</lemma>
            <CharacterOffsetBegin>998</CharacterOffsetBegin>
            <CharacterOffsetEnd>1000</CharacterOffsetEnd>
            <POS>IN</POS>
          </token>
          <token id="8">
            <word>the</word>
            <lemma>the</lemma>
            <CharacterOffsetBegin>1001</CharacterOffsetBegin>
            <CharacterOffsetEnd>1004</CharacterOffsetEnd>
            <POS>DT</POS>
          </token>
          <token id="9">
            <word>pilot</word>
            <lemma>pilot</lemma>
            <CharacterOffsetBegin>1005</CharacterOffsetBegin>
            <CharacterOffsetEnd>1010</CharacterOffsetEnd>
            <POS>NN</POS>
          </token>
          <token id="10">
            <word>who</word>
            <lemma>who</lemma>
            <CharacterOffsetBegin>1011</CharacterOffsetBegin>
            <CharacterOffsetEnd>1014</CharacterOffsetEnd>
            <POS>WP</POS>
          </token>
          <token id="11">
            <word>ejected</word>
            <lemma>eject</lemma>
            <CharacterOffsetBegin>1015</CharacterOffsetBegin>
            <CharacterOffsetEnd>1022</CharacterOffsetEnd>
            <POS>VBD</POS>
          </token>
          <token id="12">
            <word>suffered</word>
            <lemma>suffer</lemma>
            <CharacterOffsetBegin>1023</CharacterOffsetBegin>
            <CharacterOffsetEnd>1031</CharacterOffsetEnd>
            <POS>VBN</POS>
          </token>
          <token id="13">
            <word>any</word>
            <lemma>any</lemma>
            <CharacterOffsetBegin>1032</CharacterOffsetBegin>
            <CharacterOffsetEnd>1035</CharacterOffsetEnd>
            <POS>DT</POS>
          </token>
          <token id="14">
            <word>injuries</word>
            <lemma>injury</lemma>
            <CharacterOffsetBegin>1036</CharacterOffsetBegin>
            <CharacterOffsetEnd>1044</CharacterOffsetEnd>
            <POS>NNS</POS>
          </token>
          <token id="15">
            <word>.</word>
            <lemma>.</lemma>
            <CharacterOffsetBegin>1044</CharacterOffsetBegin>
            <CharacterOffsetEnd>1045</CharacterOffsetEnd>
            <POS>.</POS>
          </token>
        </tokens>
      </sentence>
      <sentence id="10">
        <tokens>
          <token id="1">
            <word>Identities</word>
            <lemma>identity</lemma>
            <CharacterOffsetBegin>1046</CharacterOffsetBegin>
            <CharacterOffsetEnd>1056</CharacterOffsetEnd>
            <POS>NNS</POS>
          </token>
          <token id="2">
            <word>of</word>
            <lemma>of</lemma>
            <CharacterOffsetBegin>1057</CharacterOffsetBegin>
            <CharacterOffsetEnd>1059</CharacterOffsetEnd>
            <POS>IN</POS>
          </token>
          <token id="3">
            <word>the</word>
            <lemma>the</lemma>
            <CharacterOffsetBegin>1060</CharacterOffsetBegin>
            <CharacterOffsetEnd>1063</CharacterOffsetEnd>
            <POS>DT</POS>
          </token>
          <token id="4">
            <word>pilots</word>
            <lemma>pilot</lemma>
            <CharacterOffsetBegin>1064</CharacterOffsetBegin>
            <CharacterOffsetEnd>1070</CharacterOffsetEnd>
            <POS>NNS</POS>
          </token>
          <token id="5">
            <word>were</word>
            <lemma>be</lemma>
            <CharacterOffsetBegin>1071</CharacterOffsetBegin>
            <CharacterOffsetEnd>1075</CharacterOffsetEnd>
            <POS>VBD</POS>
          </token>
          <token id="6">
            <word>not</word>
            <lemma>not</lemma>
            <CharacterOffsetBegin>1076</CharacterOffsetBegin>
            <CharacterOffsetEnd>1079</CharacterOffsetEnd>
            <POS>RB</POS>
          </token>
          <token id="7">
            <word>immediately</word>
            <lemma>immediately</lemma>
            <CharacterOffsetBegin>1080</CharacterOffsetBegin>
            <CharacterOffsetEnd>1091</CharacterOffsetEnd>
            <POS>RB</POS>
          </token>
          <token id="8">
            <word>released</word>
            <lemma>release</lemma>
            <CharacterOffsetBegin>1092</CharacterOffsetBegin>
            <CharacterOffsetEnd>1100</CharacterOffsetEnd>
            <POS>VBN</POS>
          </token>
          <token id="9">
            <word>.</word>
            <lemma>.</lemma>
            <CharacterOffsetBegin>1100</CharacterOffsetBegin>
            <CharacterOffsetEnd>1101</CharacterOffsetEnd>
            <POS>.</POS>
          </token>
        </tokens>
      </sentence>
      <sentence id="11">
        <tokens>
          <token id="1">
            <word>He</word>
            <lemma>he</lemma>
            <CharacterOffsetBegin>1102</CharacterOffsetBegin>
            <CharacterOffsetEnd>1104</CharacterOffsetEnd>
            <POS>PRP</POS>
          </token>
          <token id="2">
            <word>said</word>
            <lemma>say</lemma>
            <CharacterOffsetBegin>1105</CharacterOffsetBegin>
            <CharacterOffsetEnd>1109</CharacterOffsetEnd>
            <POS>VBD</POS>
          </token>
          <token id="3">
            <word>the</word>
            <lemma>the</lemma>
            <CharacterOffsetBegin>1110</CharacterOffsetBegin>
            <CharacterOffsetEnd>1113</CharacterOffsetEnd>
            <POS>DT</POS>
          </token>
          <token id="4">
            <word>planes</word>
            <lemma>plane</lemma>
            <CharacterOffsetBegin>1114</CharacterOffsetBegin>
            <CharacterOffsetEnd>1120</CharacterOffsetEnd>
            <POS>NNS</POS>
          </token>
          <token id="5">
            <word>crashed</word>
            <lemma>crash</lemma>
            <CharacterOffsetBegin>1121</CharacterOffsetBegin>
            <CharacterOffsetEnd>1128</CharacterOffsetEnd>
            <POS>VBD</POS>
          </token>
          <token id="6">
            <word>within</word>
            <lemma>within</lemma>
            <CharacterOffsetBegin>1129</CharacterOffsetBegin>
            <CharacterOffsetEnd>1135</CharacterOffsetEnd>
            <POS>IN</POS>
          </token>
          <token id="7">
            <word>several</word>
            <lemma>several</lemma>
            <CharacterOffsetBegin>1136</CharacterOffsetBegin>
            <CharacterOffsetEnd>1143</CharacterOffsetEnd>
            <POS>JJ</POS>
          </token>
          <token id="8">
            <word>hundred</word>
            <lemma>hundred</lemma>
            <CharacterOffsetBegin>1144</CharacterOffsetBegin>
            <CharacterOffsetEnd>1151</CharacterOffsetEnd>
            <POS>CD</POS>
          </token>
          <token id="9">
            <word>yards</word>
            <lemma>yard</lemma>
            <CharacterOffsetBegin>1152</CharacterOffsetBegin>
            <CharacterOffsetEnd>1157</CharacterOffsetEnd>
            <POS>NNS</POS>
          </token>
          <token id="10">
            <word>of</word>
            <lemma>of</lemma>
            <CharacterOffsetBegin>1158</CharacterOffsetBegin>
            <CharacterOffsetEnd>1160</CharacterOffsetEnd>
            <POS>IN</POS>
          </token>
          <token id="11">
            <word>a</word>
            <lemma>a</lemma>
            <CharacterOffsetBegin>1161</CharacterOffsetBegin>
            <CharacterOffsetEnd>1162</CharacterOffsetEnd>
            <POS>DT</POS>
          </token>
          <token id="12">
            <word>populated</word>
            <lemma>populated</lemma>
            <CharacterOffsetBegin>1163</CharacterOffsetBegin>
            <CharacterOffsetEnd>1172</CharacterOffsetEnd>
            <POS>JJ</POS>
          </token>
          <token id="13">
            <word>area</word>
            <lemma>area</lemma>
            <CharacterOffsetBegin>1173</CharacterOffsetBegin>
            <CharacterOffsetEnd>1177</CharacterOffsetEnd>
            <POS>NN</POS>
          </token>
          <token id="14">
            <word>but</word>
            <lemma>but</lemma>
            <CharacterOffsetBegin>1178</CharacterOffsetBegin>
            <CharacterOffsetEnd>1181</CharacterOffsetEnd>
            <POS>CC</POS>
          </token>
          <token id="15">
            <word>that</word>
            <lemma>that</lemma>
            <CharacterOffsetBegin>1182</CharacterOffsetBegin>
            <CharacterOffsetEnd>1186</CharacterOffsetEnd>
            <POS>IN</POS>
          </token>
          <token id="16">
            <word>no</word>
            <lemma>no</lemma>
            <CharacterOffsetBegin>1187</CharacterOffsetBegin>
            <CharacterOffsetEnd>1189</CharacterOffsetEnd>
            <POS>DT</POS>
          </token>
          <token id="17">
            <word>one</word>
            <lemma>one</lemma>
            <CharacterOffsetBegin>1190</CharacterOffsetBegin>
            <CharacterOffsetEnd>1193</CharacterOffsetEnd>
            <POS>NN</POS>
          </token>
          <token id="18">
            <word>on</word>
            <lemma>on</lemma>
            <CharacterOffsetBegin>1194</CharacterOffsetBegin>
            <CharacterOffsetEnd>1196</CharacterOffsetEnd>
            <POS>IN</POS>
          </token>
          <token id="19">
            <word>the</word>
            <lemma>the</lemma>
            <CharacterOffsetBegin>1197</CharacterOffsetBegin>
            <CharacterOffsetEnd>1200</CharacterOffsetEnd>
            <POS>DT</POS>
          </token>
          <token id="20">
            <word>ground</word>
            <lemma>ground</lemma>
            <CharacterOffsetBegin>1201</CharacterOffsetBegin>
            <CharacterOffsetEnd>1207</CharacterOffsetEnd>
            <POS>NN</POS>
          </token>
          <token id="21">
            <word>was</word>
            <lemma>be</lemma>
            <CharacterOffsetBegin>1208</CharacterOffsetBegin>
            <CharacterOffsetEnd>1211</CharacterOffsetEnd>
            <POS>VBD</POS>
          </token>
          <token id="22">
            <word>hurt</word>
            <lemma>hurt</lemma>
            <CharacterOffsetBegin>1212</CharacterOffsetBegin>
            <CharacterOffsetEnd>1216</CharacterOffsetEnd>
            <POS>VBN</POS>
          </token>
          <token id="23">
            <word>.</word>
            <lemma>.</lemma>
            <CharacterOffsetBegin>1216</CharacterOffsetBegin>
            <CharacterOffsetEnd>1217</CharacterOffsetEnd>
            <POS>.</POS>
          </token>
        </tokens>
      </sentence>
      <sentence id="12">
        <tokens>
          <token id="1">
            <word>He</word>
            <lemma>he</lemma>
            <CharacterOffsetBegin>1221</CharacterOffsetBegin>
            <CharacterOffsetEnd>1223</CharacterOffsetEnd>
            <POS>PRP</POS>
          </token>
          <token id="2">
            <word>said</word>
            <lemma>say</lemma>
            <CharacterOffsetBegin>1224</CharacterOffsetBegin>
            <CharacterOffsetEnd>1228</CharacterOffsetEnd>
            <POS>VBD</POS>
          </token>
          <token id="3">
            <word>preliminary</word>
            <lemma>preliminary</lemma>
            <CharacterOffsetBegin>1229</CharacterOffsetBegin>
            <CharacterOffsetEnd>1240</CharacterOffsetEnd>
            <POS>JJ</POS>
          </token>
          <token id="4">
            <word>information</word>
            <lemma>information</lemma>
            <CharacterOffsetBegin>1241</CharacterOffsetBegin>
            <CharacterOffsetEnd>1252</CharacterOffsetEnd>
            <POS>NN</POS>
          </token>
          <token id="5">
            <word>indicated</word>
            <lemma>indicate</lemma>
            <CharacterOffsetBegin>1253</CharacterOffsetBegin>
            <CharacterOffsetEnd>1262</CharacterOffsetEnd>
            <POS>VBD</POS>
          </token>
          <token id="6">
            <word>that</word>
            <lemma>that</lemma>
            <CharacterOffsetBegin>1263</CharacterOffsetBegin>
            <CharacterOffsetEnd>1267</CharacterOffsetEnd>
            <POS>IN</POS>
          </token>
          <token id="7">
            <word>one</word>
            <lemma>one</lemma>
            <CharacterOffsetBegin>1268</CharacterOffsetBegin>
            <CharacterOffsetEnd>1271</CharacterOffsetEnd>
            <POS>CD</POS>
          </token>
          <token id="8">
            <word>of</word>
            <lemma>of</lemma>
            <CharacterOffsetBegin>1272</CharacterOffsetBegin>
            <CharacterOffsetEnd>1274</CharacterOffsetEnd>
            <POS>IN</POS>
          </token>
          <token id="9">
            <word>the</word>
            <lemma>the</lemma>
            <CharacterOffsetBegin>1275</CharacterOffsetBegin>
            <CharacterOffsetEnd>1278</CharacterOffsetEnd>
            <POS>DT</POS>
          </token>
          <token id="10">
            <word>F-16s</word>
            <lemma>f-16</lemma>
            <CharacterOffsetBegin>1279</CharacterOffsetBegin>
            <CharacterOffsetEnd>1284</CharacterOffsetEnd>
            <POS>NNS</POS>
          </token>
          <token id="11">
            <word>rammed</word>
            <lemma>ram</lemma>
            <CharacterOffsetBegin>1285</CharacterOffsetBegin>
            <CharacterOffsetEnd>1291</CharacterOffsetEnd>
            <POS>VBD</POS>
          </token>
          <token id="12">
            <word>the</word>
            <lemma>the</lemma>
            <CharacterOffsetBegin>1292</CharacterOffsetBegin>
            <CharacterOffsetEnd>1295</CharacterOffsetEnd>
            <POS>DT</POS>
          </token>
          <token id="13">
            <word>other</word>
            <lemma>other</lemma>
            <CharacterOffsetBegin>1296</CharacterOffsetBegin>
            <CharacterOffsetEnd>1301</CharacterOffsetEnd>
            <POS>JJ</POS>
          </token>
          <token id="14">
            <word>from</word>
            <lemma>from</lemma>
            <CharacterOffsetBegin>1302</CharacterOffsetBegin>
            <CharacterOffsetEnd>1306</CharacterOffsetEnd>
            <POS>IN</POS>
          </token>
          <token id="15">
            <word>behind</word>
            <lemma>behind</lemma>
            <CharacterOffsetBegin>1307</CharacterOffsetBegin>
            <CharacterOffsetEnd>1313</CharacterOffsetEnd>
            <POS>RB</POS>
          </token>
          <token id="16">
            <word>.</word>
            <lemma>.</lemma>
            <CharacterOffsetBegin>1313</CharacterOffsetBegin>
            <CharacterOffsetEnd>1314</CharacterOffsetEnd>
            <POS>.</POS>
          </token>
        </tokens>
      </sentence>
      <sentence id="13">
        <tokens>
          <token id="1">
            <word>Both</word>
            <lemma>both</lemma>
            <CharacterOffsetBegin>1315</CharacterOffsetBegin>
            <CharacterOffsetEnd>1319</CharacterOffsetEnd>
            <POS>DT</POS>
          </token>
          <token id="2">
            <word>planes</word>
            <lemma>plane</lemma>
            <CharacterOffsetBegin>1320</CharacterOffsetBegin>
            <CharacterOffsetEnd>1326</CharacterOffsetEnd>
            <POS>NNS</POS>
          </token>
          <token id="3">
            <word>exploded</word>
            <lemma>explode</lemma>
            <CharacterOffsetBegin>1327</CharacterOffsetBegin>
            <CharacterOffsetEnd>1335</CharacterOffsetEnd>
            <POS>VBD</POS>
          </token>
          <token id="4">
            <word>on</word>
            <lemma>on</lemma>
            <CharacterOffsetBegin>1336</CharacterOffsetBegin>
            <CharacterOffsetEnd>1338</CharacterOffsetEnd>
            <POS>IN</POS>
          </token>
          <token id="5">
            <word>impact</word>
            <lemma>impact</lemma>
            <CharacterOffsetBegin>1339</CharacterOffsetBegin>
            <CharacterOffsetEnd>1345</CharacterOffsetEnd>
            <POS>NN</POS>
          </token>
          <token id="6">
            <word>,</word>
            <lemma>,</lemma>
            <CharacterOffsetBegin>1345</CharacterOffsetBegin>
            <CharacterOffsetEnd>1346</CharacterOffsetEnd>
            <POS>,</POS>
          </token>
          <token id="7">
            <word>he</word>
            <lemma>he</lemma>
            <CharacterOffsetBegin>1347</CharacterOffsetBegin>
            <CharacterOffsetEnd>1349</CharacterOffsetEnd>
            <POS>PRP</POS>
          </token>
          <token id="8">
            <word>said</word>
            <lemma>say</lemma>
            <CharacterOffsetBegin>1350</CharacterOffsetBegin>
            <CharacterOffsetEnd>1354</CharacterOffsetEnd>
            <POS>VBD</POS>
          </token>
          <token id="9">
            <word>.</word>
            <lemma>.</lemma>
            <CharacterOffsetBegin>1354</CharacterOffsetBegin>
            <CharacterOffsetEnd>1355</CharacterOffsetEnd>
            <POS>.</POS>
          </token>
        </tokens>
      </sentence>
      <sentence id="14">
        <tokens>
          <token id="1">
            <word>The</word>
            <lemma>the</lemma>
            <CharacterOffsetBegin>1359</CharacterOffsetBegin>
            <CharacterOffsetEnd>1362</CharacterOffsetEnd>
            <POS>DT</POS>
          </token>
          <token id="2">
            <word>other</word>
            <lemma>other</lemma>
            <CharacterOffsetBegin>1363</CharacterOffsetBegin>
            <CharacterOffsetEnd>1368</CharacterOffsetEnd>
            <POS>JJ</POS>
          </token>
          <token id="3">
            <word>crash</word>
            <lemma>crash</lemma>
            <CharacterOffsetBegin>1369</CharacterOffsetBegin>
            <CharacterOffsetEnd>1374</CharacterOffsetEnd>
            <POS>NN</POS>
          </token>
          <token id="4">
            <word>occurred</word>
            <lemma>occur</lemma>
            <CharacterOffsetBegin>1375</CharacterOffsetBegin>
            <CharacterOffsetEnd>1383</CharacterOffsetEnd>
            <POS>VBD</POS>
          </token>
          <token id="5">
            <word>about</word>
            <lemma>about</lemma>
            <CharacterOffsetBegin>1384</CharacterOffsetBegin>
            <CharacterOffsetEnd>1389</CharacterOffsetEnd>
            <POS>IN</POS>
          </token>
          <token id="6">
            <word>90</word>
            <lemma>90</lemma>
            <CharacterOffsetBegin>1390</CharacterOffsetBegin>
            <CharacterOffsetEnd>1392</CharacterOffsetEnd>
            <POS>CD</POS>
          </token>
          <token id="7">
            <word>miles</word>
            <lemma>mile</lemma>
            <CharacterOffsetBegin>1393</CharacterOffsetBegin>
            <CharacterOffsetEnd>1398</CharacterOffsetEnd>
            <POS>NNS</POS>
          </token>
          <token id="8">
            <word>away</word>
            <lemma>away</lemma>
            <CharacterOffsetBegin>1399</CharacterOffsetBegin>
            <CharacterOffsetEnd>1403</CharacterOffsetEnd>
            <POS>RB</POS>
          </token>
          <token id="9">
            <word>.</word>
            <lemma>.</lemma>
            <CharacterOffsetBegin>1403</CharacterOffsetBegin>
            <CharacterOffsetEnd>1404</CharacterOffsetEnd>
            <POS>.</POS>
          </token>
        </tokens>
      </sentence>
      <sentence id="15">
        <tokens>
          <token id="1">
            <word>Air</word>
            <lemma>Air</lemma>
            <CharacterOffsetBegin>1408</CharacterOffsetBegin>
            <CharacterOffsetEnd>1411</CharacterOffsetEnd>
            <POS>NNP</POS>
          </token>
          <token id="2">
            <word>Force</word>
            <lemma>Force</lemma>
            <CharacterOffsetBegin>1412</CharacterOffsetBegin>
            <CharacterOffsetEnd>1417</CharacterOffsetEnd>
            <POS>NNP</POS>
          </token>
          <token id="3">
            <word>Spokesman</word>
            <lemma>Spokesman</lemma>
            <CharacterOffsetBegin>1418</CharacterOffsetBegin>
            <CharacterOffsetEnd>1427</CharacterOffsetEnd>
            <POS>NNP</POS>
          </token>
          <token id="4">
            <word>1st</word>
            <lemma>1st</lemma>
            <CharacterOffsetBegin>1428</CharacterOffsetBegin>
            <CharacterOffsetEnd>1431</CharacterOffsetEnd>
            <POS>CD</POS>
          </token>
          <token id="5">
            <word>Lt.</word>
            <lemma>Lt.</lemma>
            <CharacterOffsetBegin>1432</CharacterOffsetBegin>
            <CharacterOffsetEnd>1435</CharacterOffsetEnd>
            <POS>NNP</POS>
          </token>
          <token id="6">
            <word>Al</word>
            <lemma>Al</lemma>
            <CharacterOffsetBegin>1436</CharacterOffsetBegin>
            <CharacterOffsetEnd>1438</CharacterOffsetEnd>
            <POS>NNP</POS>
          </token>
          <token id="7">
            <word>Sattler</word>
            <lemma>Sattler</lemma>
            <CharacterOffsetBegin>1439</CharacterOffsetBegin>
            <CharacterOffsetEnd>1446</CharacterOffsetEnd>
            <POS>NNP</POS>
          </token>
          <token id="8">
            <word>said</word>
            <lemma>say</lemma>
            <CharacterOffsetBegin>1447</CharacterOffsetBegin>
            <CharacterOffsetEnd>1451</CharacterOffsetEnd>
            <POS>VBD</POS>
          </token>
          <token id="9">
            <word>the</word>
            <lemma>the</lemma>
            <CharacterOffsetBegin>1452</CharacterOffsetBegin>
            <CharacterOffsetEnd>1455</CharacterOffsetEnd>
            <POS>DT</POS>
          </token>
          <token id="10">
            <word>pilot</word>
            <lemma>pilot</lemma>
            <CharacterOffsetBegin>1456</CharacterOffsetBegin>
            <CharacterOffsetEnd>1461</CharacterOffsetEnd>
            <POS>NN</POS>
          </token>
          <token id="11">
            <word>in</word>
            <lemma>in</lemma>
            <CharacterOffsetBegin>1462</CharacterOffsetBegin>
            <CharacterOffsetEnd>1464</CharacterOffsetEnd>
            <POS>IN</POS>
          </token>
          <token id="12">
            <word>the</word>
            <lemma>the</lemma>
            <CharacterOffsetBegin>1465</CharacterOffsetBegin>
            <CharacterOffsetEnd>1468</CharacterOffsetEnd>
            <POS>DT</POS>
          </token>
          <token id="13">
            <word>Black</word>
            <lemma>Black</lemma>
            <CharacterOffsetBegin>1469</CharacterOffsetBegin>
            <CharacterOffsetEnd>1474</CharacterOffsetEnd>
            <POS>NNP</POS>
          </token>
          <token id="14">
            <word>Forest</word>
            <lemma>Forest</lemma>
            <CharacterOffsetBegin>1475</CharacterOffsetBegin>
            <CharacterOffsetEnd>1481</CharacterOffsetEnd>
            <POS>NNP</POS>
          </token>
          <token id="15">
            <word>crash</word>
            <lemma>crash</lemma>
            <CharacterOffsetBegin>1482</CharacterOffsetBegin>
            <CharacterOffsetEnd>1487</CharacterOffsetEnd>
            <POS>NN</POS>
          </token>
          <token id="16">
            <word>ejected</word>
            <lemma>eject</lemma>
            <CharacterOffsetBegin>1488</CharacterOffsetBegin>
            <CharacterOffsetEnd>1495</CharacterOffsetEnd>
            <POS>VBD</POS>
          </token>
          <token id="17">
            <word>safely</word>
            <lemma>safely</lemma>
            <CharacterOffsetBegin>1496</CharacterOffsetBegin>
            <CharacterOffsetEnd>1502</CharacterOffsetEnd>
            <POS>RB</POS>
          </token>
          <token id="18">
            <word>before</word>
            <lemma>before</lemma>
            <CharacterOffsetBegin>1503</CharacterOffsetBegin>
            <CharacterOffsetEnd>1509</CharacterOffsetEnd>
            <POS>IN</POS>
          </token>
          <token id="19">
            <word>the</word>
            <lemma>the</lemma>
            <CharacterOffsetBegin>1510</CharacterOffsetBegin>
            <CharacterOffsetEnd>1513</CharacterOffsetEnd>
            <POS>DT</POS>
          </token>
          <token id="20">
            <word>crash</word>
            <lemma>crash</lemma>
            <CharacterOffsetBegin>1514</CharacterOffsetBegin>
            <CharacterOffsetEnd>1519</CharacterOffsetEnd>
            <POS>NN</POS>
          </token>
          <token id="21">
            <word>and</word>
            <lemma>and</lemma>
            <CharacterOffsetBegin>1520</CharacterOffsetBegin>
            <CharacterOffsetEnd>1523</CharacterOffsetEnd>
            <POS>CC</POS>
          </token>
          <token id="22">
            <word>was</word>
            <lemma>be</lemma>
            <CharacterOffsetBegin>1524</CharacterOffsetBegin>
            <CharacterOffsetEnd>1527</CharacterOffsetEnd>
            <POS>VBD</POS>
          </token>
          <token id="23">
            <word>taken</word>
            <lemma>take</lemma>
            <CharacterOffsetBegin>1528</CharacterOffsetBegin>
            <CharacterOffsetEnd>1533</CharacterOffsetEnd>
            <POS>VBN</POS>
          </token>
          <token id="24">
            <word>to</word>
            <lemma>to</lemma>
            <CharacterOffsetBegin>1534</CharacterOffsetBegin>
            <CharacterOffsetEnd>1536</CharacterOffsetEnd>
            <POS>TO</POS>
          </token>
          <token id="25">
            <word>Ramstein</word>
            <lemma>Ramstein</lemma>
            <CharacterOffsetBegin>1537</CharacterOffsetBegin>
            <CharacterOffsetEnd>1545</CharacterOffsetEnd>
            <POS>NNP</POS>
          </token>
          <token id="26">
            <word>Air</word>
            <lemma>Air</lemma>
            <CharacterOffsetBegin>1546</CharacterOffsetBegin>
            <CharacterOffsetEnd>1549</CharacterOffsetEnd>
            <POS>NNP</POS>
          </token>
          <token id="27">
            <word>Base</word>
            <lemma>Base</lemma>
            <CharacterOffsetBegin>1550</CharacterOffsetBegin>
            <CharacterOffsetEnd>1554</CharacterOffsetEnd>
            <POS>NNP</POS>
          </token>
          <token id="28">
            <word>to</word>
            <lemma>to</lemma>
            <CharacterOffsetBegin>1555</CharacterOffsetBegin>
            <CharacterOffsetEnd>1557</CharacterOffsetEnd>
            <POS>TO</POS>
          </token>
          <token id="29">
            <word>be</word>
            <lemma>be</lemma>
            <CharacterOffsetBegin>1558</CharacterOffsetBegin>
            <CharacterOffsetEnd>1560</CharacterOffsetEnd>
            <POS>VB</POS>
          </token>
          <token id="30">
            <word>examined</word>
            <lemma>examine</lemma>
            <CharacterOffsetBegin>1561</CharacterOffsetBegin>
            <CharacterOffsetEnd>1569</CharacterOffsetEnd>
            <POS>VBN</POS>
          </token>
          <token id="31">
            <word>.</word>
            <lemma>.</lemma>
            <CharacterOffsetBegin>1569</CharacterOffsetBegin>
            <CharacterOffsetEnd>1570</CharacterOffsetEnd>
            <POS>.</POS>
          </token>
        </tokens>
      </sentence>
      <sentence id="16">
        <tokens>
          <token id="1">
            <word>Police</word>
            <lemma>police</lemma>
            <CharacterOffsetBegin>1574</CharacterOffsetBegin>
            <CharacterOffsetEnd>1580</CharacterOffsetEnd>
            <POS>NNS</POS>
          </token>
          <token id="2">
            <word>in</word>
            <lemma>in</lemma>
            <CharacterOffsetBegin>1581</CharacterOffsetBegin>
            <CharacterOffsetEnd>1583</CharacterOffsetEnd>
            <POS>IN</POS>
          </token>
          <token id="3">
            <word>Karlsruhe</word>
            <lemma>Karlsruhe</lemma>
            <CharacterOffsetBegin>1584</CharacterOffsetBegin>
            <CharacterOffsetEnd>1593</CharacterOffsetEnd>
            <POS>NNP</POS>
          </token>
          <token id="4">
            <word>said</word>
            <lemma>say</lemma>
            <CharacterOffsetBegin>1594</CharacterOffsetBegin>
            <CharacterOffsetEnd>1598</CharacterOffsetEnd>
            <POS>VBD</POS>
          </token>
          <token id="5">
            <word>the</word>
            <lemma>the</lemma>
            <CharacterOffsetBegin>1599</CharacterOffsetBegin>
            <CharacterOffsetEnd>1602</CharacterOffsetEnd>
            <POS>DT</POS>
          </token>
          <token id="6">
            <word>crash</word>
            <lemma>crash</lemma>
            <CharacterOffsetBegin>1603</CharacterOffsetBegin>
            <CharacterOffsetEnd>1608</CharacterOffsetEnd>
            <POS>NN</POS>
          </token>
          <token id="7">
            <word>occurred</word>
            <lemma>occur</lemma>
            <CharacterOffsetBegin>1609</CharacterOffsetBegin>
            <CharacterOffsetEnd>1617</CharacterOffsetEnd>
            <POS>VBD</POS>
          </token>
          <token id="8">
            <word>at</word>
            <lemma>at</lemma>
            <CharacterOffsetBegin>1618</CharacterOffsetBegin>
            <CharacterOffsetEnd>1620</CharacterOffsetEnd>
            <POS>IN</POS>
          </token>
          <token id="9">
            <word>noon</word>
            <lemma>noon</lemma>
            <CharacterOffsetBegin>1621</CharacterOffsetBegin>
            <CharacterOffsetEnd>1625</CharacterOffsetEnd>
            <POS>NN</POS>
          </token>
          <token id="10">
            <word>-LRB-</word>
            <lemma>-lrb-</lemma>
            <CharacterOffsetBegin>1626</CharacterOffsetBegin>
            <CharacterOffsetEnd>1627</CharacterOffsetEnd>
            <POS>-LRB-</POS>
          </token>
          <token id="11">
            <word>6</word>
            <lemma>6</lemma>
            <CharacterOffsetBegin>1627</CharacterOffsetBegin>
            <CharacterOffsetEnd>1628</CharacterOffsetEnd>
            <POS>CD</POS>
          </token>
          <token id="12">
            <word>a.m.</word>
            <lemma>a.m.</lemma>
            <CharacterOffsetBegin>1629</CharacterOffsetBegin>
            <CharacterOffsetEnd>1633</CharacterOffsetEnd>
            <POS>RB</POS>
          </token>
          <token id="13">
            <word>EDT</word>
            <lemma>EDT</lemma>
            <CharacterOffsetBegin>1634</CharacterOffsetBegin>
            <CharacterOffsetEnd>1637</CharacterOffsetEnd>
            <POS>NNP</POS>
          </token>
          <token id="14">
            <word>-RRB-</word>
            <lemma>-rrb-</lemma>
            <CharacterOffsetBegin>1637</CharacterOffsetBegin>
            <CharacterOffsetEnd>1638</CharacterOffsetEnd>
            <POS>-RRB-</POS>
          </token>
          <token id="15">
            <word>near</word>
            <lemma>near</lemma>
            <CharacterOffsetBegin>1639</CharacterOffsetBegin>
            <CharacterOffsetEnd>1643</CharacterOffsetEnd>
            <POS>IN</POS>
          </token>
          <token id="16">
            <word>the</word>
            <lemma>the</lemma>
            <CharacterOffsetBegin>1644</CharacterOffsetBegin>
            <CharacterOffsetEnd>1647</CharacterOffsetEnd>
            <POS>DT</POS>
          </token>
          <token id="17">
            <word>village</word>
            <lemma>village</lemma>
            <CharacterOffsetBegin>1648</CharacterOffsetBegin>
            <CharacterOffsetEnd>1655</CharacterOffsetEnd>
            <POS>NN</POS>
          </token>
          <token id="18">
            <word>of</word>
            <lemma>of</lemma>
            <CharacterOffsetBegin>1656</CharacterOffsetBegin>
            <CharacterOffsetEnd>1658</CharacterOffsetEnd>
            <POS>IN</POS>
          </token>
          <token id="19">
            <word>Marxzell-Burbach</word>
            <lemma>Marxzell-Burbach</lemma>
            <CharacterOffsetBegin>1659</CharacterOffsetBegin>
            <CharacterOffsetEnd>1675</CharacterOffsetEnd>
            <POS>NNP</POS>
          </token>
          <token id="20">
            <word>.</word>
            <lemma>.</lemma>
            <CharacterOffsetBegin>1675</CharacterOffsetBegin>
            <CharacterOffsetEnd>1676</CharacterOffsetEnd>
            <POS>.</POS>
          </token>
        </tokens>
      </sentence>
      <sentence id="17">
        <tokens>
          <token id="1">
            <word>Sattler</word>
            <lemma>Sattler</lemma>
            <CharacterOffsetBegin>1680</CharacterOffsetBegin>
            <CharacterOffsetEnd>1687</CharacterOffsetEnd>
            <POS>NNP</POS>
          </token>
          <token id="2">
            <word>said</word>
            <lemma>say</lemma>
            <CharacterOffsetBegin>1688</CharacterOffsetBegin>
            <CharacterOffsetEnd>1692</CharacterOffsetEnd>
            <POS>VBD</POS>
          </token>
          <token id="3">
            <word>the</word>
            <lemma>the</lemma>
            <CharacterOffsetBegin>1693</CharacterOffsetBegin>
            <CharacterOffsetEnd>1696</CharacterOffsetEnd>
            <POS>DT</POS>
          </token>
          <token id="4">
            <word>aircraft</word>
            <lemma>aircraft</lemma>
            <CharacterOffsetBegin>1697</CharacterOffsetBegin>
            <CharacterOffsetEnd>1705</CharacterOffsetEnd>
            <POS>NN</POS>
          </token>
          <token id="5">
            <word>was</word>
            <lemma>be</lemma>
            <CharacterOffsetBegin>1706</CharacterOffsetBegin>
            <CharacterOffsetEnd>1709</CharacterOffsetEnd>
            <POS>VBD</POS>
          </token>
          <token id="6">
            <word>from</word>
            <lemma>from</lemma>
            <CharacterOffsetBegin>1710</CharacterOffsetBegin>
            <CharacterOffsetEnd>1714</CharacterOffsetEnd>
            <POS>IN</POS>
          </token>
          <token id="7">
            <word>the</word>
            <lemma>the</lemma>
            <CharacterOffsetBegin>1715</CharacterOffsetBegin>
            <CharacterOffsetEnd>1718</CharacterOffsetEnd>
            <POS>DT</POS>
          </token>
          <token id="8">
            <word>52nd</word>
            <lemma>52nd</lemma>
            <CharacterOffsetBegin>1719</CharacterOffsetBegin>
            <CharacterOffsetEnd>1723</CharacterOffsetEnd>
            <POS>JJ</POS>
          </token>
          <token id="9">
            <word>Tactical</word>
            <lemma>Tactical</lemma>
            <CharacterOffsetBegin>1724</CharacterOffsetBegin>
            <CharacterOffsetEnd>1732</CharacterOffsetEnd>
            <POS>NNP</POS>
          </token>
          <token id="10">
            <word>Fighter</word>
            <lemma>Fighter</lemma>
            <CharacterOffsetBegin>1733</CharacterOffsetBegin>
            <CharacterOffsetEnd>1740</CharacterOffsetEnd>
            <POS>NNP</POS>
          </token>
          <token id="11">
            <word>Wing</word>
            <lemma>wing</lemma>
            <CharacterOffsetBegin>1741</CharacterOffsetBegin>
            <CharacterOffsetEnd>1745</CharacterOffsetEnd>
            <POS>NN</POS>
          </token>
          <token id="12">
            <word>,</word>
            <lemma>,</lemma>
            <CharacterOffsetBegin>1745</CharacterOffsetBegin>
            <CharacterOffsetEnd>1746</CharacterOffsetEnd>
            <POS>,</POS>
          </token>
          <token id="13">
            <word>stationed</word>
            <lemma>station</lemma>
            <CharacterOffsetBegin>1747</CharacterOffsetBegin>
            <CharacterOffsetEnd>1756</CharacterOffsetEnd>
            <POS>VBN</POS>
          </token>
          <token id="14">
            <word>at</word>
            <lemma>at</lemma>
            <CharacterOffsetBegin>1757</CharacterOffsetBegin>
            <CharacterOffsetEnd>1759</CharacterOffsetEnd>
            <POS>IN</POS>
          </token>
          <token id="15">
            <word>Spangdahlen</word>
            <lemma>Spangdahlen</lemma>
            <CharacterOffsetBegin>1760</CharacterOffsetBegin>
            <CharacterOffsetEnd>1771</CharacterOffsetEnd>
            <POS>NNP</POS>
          </token>
          <token id="16">
            <word>Air</word>
            <lemma>Air</lemma>
            <CharacterOffsetBegin>1772</CharacterOffsetBegin>
            <CharacterOffsetEnd>1775</CharacterOffsetEnd>
            <POS>NNP</POS>
          </token>
          <token id="17">
            <word>Base</word>
            <lemma>Base</lemma>
            <CharacterOffsetBegin>1776</CharacterOffsetBegin>
            <CharacterOffsetEnd>1780</CharacterOffsetEnd>
            <POS>NNP</POS>
          </token>
          <token id="18">
            <word>.</word>
            <lemma>.</lemma>
            <CharacterOffsetBegin>1780</CharacterOffsetBegin>
            <CharacterOffsetEnd>1781</CharacterOffsetEnd>
            <POS>.</POS>
          </token>
        </tokens>
      </sentence>
      <sentence id="18">
        <tokens>
          <token id="1">
            <word>The</word>
            <lemma>the</lemma>
            <CharacterOffsetBegin>1785</CharacterOffsetBegin>
            <CharacterOffsetEnd>1788</CharacterOffsetEnd>
            <POS>DT</POS>
          </token>
          <token id="2">
            <word>aircraft</word>
            <lemma>aircraft</lemma>
            <CharacterOffsetBegin>1789</CharacterOffsetBegin>
            <CharacterOffsetEnd>1797</CharacterOffsetEnd>
            <POS>NN</POS>
          </token>
          <token id="3">
            <word>was</word>
            <lemma>be</lemma>
            <CharacterOffsetBegin>1798</CharacterOffsetBegin>
            <CharacterOffsetEnd>1801</CharacterOffsetEnd>
            <POS>VBD</POS>
          </token>
          <token id="4">
            <word>taking</word>
            <lemma>take</lemma>
            <CharacterOffsetBegin>1802</CharacterOffsetBegin>
            <CharacterOffsetEnd>1808</CharacterOffsetEnd>
            <POS>VBG</POS>
          </token>
          <token id="5">
            <word>part</word>
            <lemma>part</lemma>
            <CharacterOffsetBegin>1809</CharacterOffsetBegin>
            <CharacterOffsetEnd>1813</CharacterOffsetEnd>
            <POS>NN</POS>
          </token>
          <token id="6">
            <word>in</word>
            <lemma>in</lemma>
            <CharacterOffsetBegin>1814</CharacterOffsetBegin>
            <CharacterOffsetEnd>1816</CharacterOffsetEnd>
            <POS>IN</POS>
          </token>
          <token id="7">
            <word>a</word>
            <lemma>a</lemma>
            <CharacterOffsetBegin>1817</CharacterOffsetBegin>
            <CharacterOffsetEnd>1818</CharacterOffsetEnd>
            <POS>DT</POS>
          </token>
          <token id="8">
            <word>NATO</word>
            <lemma>NATO</lemma>
            <CharacterOffsetBegin>1819</CharacterOffsetBegin>
            <CharacterOffsetEnd>1823</CharacterOffsetEnd>
            <POS>NNP</POS>
          </token>
          <token id="9">
            <word>military</word>
            <lemma>military</lemma>
            <CharacterOffsetBegin>1824</CharacterOffsetBegin>
            <CharacterOffsetEnd>1832</CharacterOffsetEnd>
            <POS>JJ</POS>
          </token>
          <token id="10">
            <word>tactical</word>
            <lemma>tactical</lemma>
            <CharacterOffsetBegin>1833</CharacterOffsetBegin>
            <CharacterOffsetEnd>1841</CharacterOffsetEnd>
            <POS>JJ</POS>
          </token>
          <token id="11">
            <word>air</word>
            <lemma>air</lemma>
            <CharacterOffsetBegin>1842</CharacterOffsetBegin>
            <CharacterOffsetEnd>1845</CharacterOffsetEnd>
            <POS>NN</POS>
          </token>
          <token id="12">
            <word>exercise</word>
            <lemma>exercise</lemma>
            <CharacterOffsetBegin>1846</CharacterOffsetBegin>
            <CharacterOffsetEnd>1854</CharacterOffsetEnd>
            <POS>NN</POS>
          </token>
          <token id="13">
            <word>being</word>
            <lemma>be</lemma>
            <CharacterOffsetBegin>1855</CharacterOffsetBegin>
            <CharacterOffsetEnd>1860</CharacterOffsetEnd>
            <POS>VBG</POS>
          </token>
          <token id="14">
            <word>conducted</word>
            <lemma>conduct</lemma>
            <CharacterOffsetBegin>1861</CharacterOffsetBegin>
            <CharacterOffsetEnd>1870</CharacterOffsetEnd>
            <POS>VBN</POS>
          </token>
          <token id="15">
            <word>from</word>
            <lemma>from</lemma>
            <CharacterOffsetBegin>1871</CharacterOffsetBegin>
            <CharacterOffsetEnd>1875</CharacterOffsetEnd>
            <POS>IN</POS>
          </token>
          <token id="16">
            <word>the</word>
            <lemma>the</lemma>
            <CharacterOffsetBegin>1876</CharacterOffsetBegin>
            <CharacterOffsetEnd>1879</CharacterOffsetEnd>
            <POS>DT</POS>
          </token>
          <token id="17">
            <word>Canadian</word>
            <lemma>canadian</lemma>
            <CharacterOffsetBegin>1880</CharacterOffsetBegin>
            <CharacterOffsetEnd>1888</CharacterOffsetEnd>
            <POS>JJ</POS>
          </token>
          <token id="18">
            <word>air</word>
            <lemma>air</lemma>
            <CharacterOffsetBegin>1889</CharacterOffsetBegin>
            <CharacterOffsetEnd>1892</CharacterOffsetEnd>
            <POS>NN</POS>
          </token>
          <token id="19">
            <word>force</word>
            <lemma>force</lemma>
            <CharacterOffsetBegin>1893</CharacterOffsetBegin>
            <CharacterOffsetEnd>1898</CharacterOffsetEnd>
            <POS>NN</POS>
          </token>
          <token id="20">
            <word>base</word>
            <lemma>base</lemma>
            <CharacterOffsetBegin>1899</CharacterOffsetBegin>
            <CharacterOffsetEnd>1903</CharacterOffsetEnd>
            <POS>NN</POS>
          </token>
          <token id="21">
            <word>in</word>
            <lemma>in</lemma>
            <CharacterOffsetBegin>1904</CharacterOffsetBegin>
            <CharacterOffsetEnd>1906</CharacterOffsetEnd>
            <POS>IN</POS>
          </token>
          <token id="22">
            <word>Baden-Soellingen</word>
            <lemma>Baden-Soellingen</lemma>
            <CharacterOffsetBegin>1907</CharacterOffsetBegin>
            <CharacterOffsetEnd>1923</CharacterOffsetEnd>
            <POS>NNP</POS>
          </token>
          <token id="23">
            <word>,</word>
            <lemma>,</lemma>
            <CharacterOffsetBegin>1923</CharacterOffsetBegin>
            <CharacterOffsetEnd>1924</CharacterOffsetEnd>
            <POS>,</POS>
          </token>
          <token id="24">
            <word>Sattler</word>
            <lemma>Sattler</lemma>
            <CharacterOffsetBegin>1925</CharacterOffsetBegin>
            <CharacterOffsetEnd>1932</CharacterOffsetEnd>
            <POS>NNP</POS>
          </token>
          <token id="25">
            <word>said</word>
            <lemma>say</lemma>
            <CharacterOffsetBegin>1933</CharacterOffsetBegin>
            <CharacterOffsetEnd>1937</CharacterOffsetEnd>
            <POS>VBD</POS>
          </token>
          <token id="26">
            <word>.</word>
            <lemma>.</lemma>
            <CharacterOffsetBegin>1937</CharacterOffsetBegin>
            <CharacterOffsetEnd>1938</CharacterOffsetEnd>
            <POS>.</POS>
          </token>
        </tokens>
      </sentence>
      <sentence id="19">
        <tokens>
          <token id="1">
            <word>West</word>
            <lemma>west</lemma>
            <CharacterOffsetBegin>1942</CharacterOffsetBegin>
            <CharacterOffsetEnd>1946</CharacterOffsetEnd>
            <POS>JJ</POS>
          </token>
          <token id="2">
            <word>German</word>
            <lemma>german</lemma>
            <CharacterOffsetBegin>1947</CharacterOffsetBegin>
            <CharacterOffsetEnd>1953</CharacterOffsetEnd>
            <POS>JJ</POS>
          </token>
          <token id="3">
            <word>police</word>
            <lemma>police</lemma>
            <CharacterOffsetBegin>1954</CharacterOffsetBegin>
            <CharacterOffsetEnd>1960</CharacterOffsetEnd>
            <POS>NN</POS>
          </token>
          <token id="4">
            <word>and</word>
            <lemma>and</lemma>
            <CharacterOffsetBegin>1961</CharacterOffsetBegin>
            <CharacterOffsetEnd>1964</CharacterOffsetEnd>
            <POS>CC</POS>
          </token>
          <token id="5">
            <word>U.S.</word>
            <lemma>U.S.</lemma>
            <CharacterOffsetBegin>1965</CharacterOffsetBegin>
            <CharacterOffsetEnd>1969</CharacterOffsetEnd>
            <POS>NNP</POS>
          </token>
          <token id="6">
            <word>military</word>
            <lemma>military</lemma>
            <CharacterOffsetBegin>1970</CharacterOffsetBegin>
            <CharacterOffsetEnd>1978</CharacterOffsetEnd>
            <POS>JJ</POS>
          </token>
          <token id="7">
            <word>personnel</word>
            <lemma>personnel</lemma>
            <CharacterOffsetBegin>1979</CharacterOffsetBegin>
            <CharacterOffsetEnd>1988</CharacterOffsetEnd>
            <POS>NNS</POS>
          </token>
          <token id="8">
            <word>secured</word>
            <lemma>secure</lemma>
            <CharacterOffsetBegin>1989</CharacterOffsetBegin>
            <CharacterOffsetEnd>1996</CharacterOffsetEnd>
            <POS>VBN</POS>
          </token>
          <token id="9">
            <word>the</word>
            <lemma>the</lemma>
            <CharacterOffsetBegin>1997</CharacterOffsetBegin>
            <CharacterOffsetEnd>2000</CharacterOffsetEnd>
            <POS>DT</POS>
          </token>
          <token id="10">
            <word>area</word>
            <lemma>area</lemma>
            <CharacterOffsetBegin>2001</CharacterOffsetBegin>
            <CharacterOffsetEnd>2005</CharacterOffsetEnd>
            <POS>NN</POS>
          </token>
          <token id="11">
            <word>of</word>
            <lemma>of</lemma>
            <CharacterOffsetBegin>2006</CharacterOffsetBegin>
            <CharacterOffsetEnd>2008</CharacterOffsetEnd>
            <POS>IN</POS>
          </token>
          <token id="12">
            <word>the</word>
            <lemma>the</lemma>
            <CharacterOffsetBegin>2009</CharacterOffsetBegin>
            <CharacterOffsetEnd>2012</CharacterOffsetEnd>
            <POS>DT</POS>
          </token>
          <token id="13">
            <word>crashes</word>
            <lemma>crash</lemma>
            <CharacterOffsetBegin>2013</CharacterOffsetBegin>
            <CharacterOffsetEnd>2020</CharacterOffsetEnd>
            <POS>NNS</POS>
          </token>
          <token id="14">
            <word>,</word>
            <lemma>,</lemma>
            <CharacterOffsetBegin>2020</CharacterOffsetBegin>
            <CharacterOffsetEnd>2021</CharacterOffsetEnd>
            <POS>,</POS>
          </token>
          <token id="15">
            <word>and</word>
            <lemma>and</lemma>
            <CharacterOffsetBegin>2022</CharacterOffsetBegin>
            <CharacterOffsetEnd>2025</CharacterOffsetEnd>
            <POS>CC</POS>
          </token>
          <token id="16">
            <word>teams</word>
            <lemma>team</lemma>
            <CharacterOffsetBegin>2026</CharacterOffsetBegin>
            <CharacterOffsetEnd>2031</CharacterOffsetEnd>
            <POS>NNS</POS>
          </token>
          <token id="17">
            <word>of</word>
            <lemma>of</lemma>
            <CharacterOffsetBegin>2032</CharacterOffsetBegin>
            <CharacterOffsetEnd>2034</CharacterOffsetEnd>
            <POS>IN</POS>
          </token>
          <token id="18">
            <word>experts</word>
            <lemma>expert</lemma>
            <CharacterOffsetBegin>2035</CharacterOffsetBegin>
            <CharacterOffsetEnd>2042</CharacterOffsetEnd>
            <POS>NNS</POS>
          </token>
          <token id="19">
            <word>were</word>
            <lemma>be</lemma>
            <CharacterOffsetBegin>2043</CharacterOffsetBegin>
            <CharacterOffsetEnd>2047</CharacterOffsetEnd>
            <POS>VBD</POS>
          </token>
          <token id="20">
            <word>sent</word>
            <lemma>send</lemma>
            <CharacterOffsetBegin>2048</CharacterOffsetBegin>
            <CharacterOffsetEnd>2052</CharacterOffsetEnd>
            <POS>VBN</POS>
          </token>
          <token id="21">
            <word>to</word>
            <lemma>to</lemma>
            <CharacterOffsetBegin>2053</CharacterOffsetBegin>
            <CharacterOffsetEnd>2055</CharacterOffsetEnd>
            <POS>TO</POS>
          </token>
          <token id="22">
            <word>the</word>
            <lemma>the</lemma>
            <CharacterOffsetBegin>2056</CharacterOffsetBegin>
            <CharacterOffsetEnd>2059</CharacterOffsetEnd>
            <POS>DT</POS>
          </token>
          <token id="23">
            <word>accident</word>
            <lemma>accident</lemma>
            <CharacterOffsetBegin>2060</CharacterOffsetBegin>
            <CharacterOffsetEnd>2068</CharacterOffsetEnd>
            <POS>NN</POS>
          </token>
          <token id="24">
            <word>sites</word>
            <lemma>site</lemma>
            <CharacterOffsetBegin>2069</CharacterOffsetBegin>
            <CharacterOffsetEnd>2074</CharacterOffsetEnd>
            <POS>NNS</POS>
          </token>
          <token id="25">
            <word>to</word>
            <lemma>to</lemma>
            <CharacterOffsetBegin>2075</CharacterOffsetBegin>
            <CharacterOffsetEnd>2077</CharacterOffsetEnd>
            <POS>TO</POS>
          </token>
          <token id="26">
            <word>determine</word>
            <lemma>determine</lemma>
            <CharacterOffsetBegin>2078</CharacterOffsetBegin>
            <CharacterOffsetEnd>2087</CharacterOffsetEnd>
            <POS>VB</POS>
          </token>
          <token id="27">
            <word>the</word>
            <lemma>the</lemma>
            <CharacterOffsetBegin>2088</CharacterOffsetBegin>
            <CharacterOffsetEnd>2091</CharacterOffsetEnd>
            <POS>DT</POS>
          </token>
          <token id="28">
            <word>cause</word>
            <lemma>cause</lemma>
            <CharacterOffsetBegin>2092</CharacterOffsetBegin>
            <CharacterOffsetEnd>2097</CharacterOffsetEnd>
            <POS>NN</POS>
          </token>
          <token id="29">
            <word>of</word>
            <lemma>of</lemma>
            <CharacterOffsetBegin>2098</CharacterOffsetBegin>
            <CharacterOffsetEnd>2100</CharacterOffsetEnd>
            <POS>IN</POS>
          </token>
          <token id="30">
            <word>the</word>
            <lemma>the</lemma>
            <CharacterOffsetBegin>2101</CharacterOffsetBegin>
            <CharacterOffsetEnd>2104</CharacterOffsetEnd>
            <POS>DT</POS>
          </token>
          <token id="31">
            <word>crashes</word>
            <lemma>crash</lemma>
            <CharacterOffsetBegin>2105</CharacterOffsetBegin>
            <CharacterOffsetEnd>2112</CharacterOffsetEnd>
            <POS>NNS</POS>
          </token>
          <token id="32">
            <word>.</word>
            <lemma>.</lemma>
            <CharacterOffsetBegin>2112</CharacterOffsetBegin>
            <CharacterOffsetEnd>2113</CharacterOffsetEnd>
            <POS>.</POS>
          </token>
        </tokens>
      </sentence>
    </sentences>
  </document>
</root>
