<?xml version="1.0" encoding="UTF-8"?>
<?xml-stylesheet href="CoreNLP-to-HTML.xsl" type="text/xsl"?>
<root>
  <document>
    <sentences>
      <sentence id="1">
        <tokens>
          <token id="1">
            <word>A</word>
            <lemma>a</lemma>
            <CharacterOffsetBegin>4</CharacterOffsetBegin>
            <CharacterOffsetEnd>5</CharacterOffsetEnd>
            <POS>DT</POS>
          </token>
          <token id="2">
            <word>coalition</word>
            <lemma>coalition</lemma>
            <CharacterOffsetBegin>6</CharacterOffsetBegin>
            <CharacterOffsetEnd>15</CharacterOffsetEnd>
            <POS>NN</POS>
          </token>
          <token id="3">
            <word>of</word>
            <lemma>of</lemma>
            <CharacterOffsetBegin>16</CharacterOffsetBegin>
            <CharacterOffsetEnd>18</CharacterOffsetEnd>
            <POS>IN</POS>
          </token>
          <token id="4">
            <word>members</word>
            <lemma>member</lemma>
            <CharacterOffsetBegin>19</CharacterOffsetBegin>
            <CharacterOffsetEnd>26</CharacterOffsetEnd>
            <POS>NNS</POS>
          </token>
          <token id="5">
            <word>of</word>
            <lemma>of</lemma>
            <CharacterOffsetBegin>27</CharacterOffsetBegin>
            <CharacterOffsetEnd>29</CharacterOffsetEnd>
            <POS>IN</POS>
          </token>
          <token id="6">
            <word>Congress</word>
            <lemma>Congress</lemma>
            <CharacterOffsetBegin>30</CharacterOffsetBegin>
            <CharacterOffsetEnd>38</CharacterOffsetEnd>
            <POS>NNP</POS>
          </token>
          <token id="7">
            <word>announced</word>
            <lemma>announce</lemma>
            <CharacterOffsetBegin>39</CharacterOffsetBegin>
            <CharacterOffsetEnd>48</CharacterOffsetEnd>
            <POS>VBD</POS>
          </token>
          <token id="8">
            <word>Wednesday</word>
            <lemma>Wednesday</lemma>
            <CharacterOffsetBegin>49</CharacterOffsetBegin>
            <CharacterOffsetEnd>58</CharacterOffsetEnd>
            <POS>NNP</POS>
          </token>
          <token id="9">
            <word>that</word>
            <lemma>that</lemma>
            <CharacterOffsetBegin>59</CharacterOffsetBegin>
            <CharacterOffsetEnd>63</CharacterOffsetEnd>
            <POS>IN</POS>
          </token>
          <token id="10">
            <word>they</word>
            <lemma>they</lemma>
            <CharacterOffsetBegin>64</CharacterOffsetBegin>
            <CharacterOffsetEnd>68</CharacterOffsetEnd>
            <POS>PRP</POS>
          </token>
          <token id="11">
            <word>plan</word>
            <lemma>plan</lemma>
            <CharacterOffsetBegin>69</CharacterOffsetBegin>
            <CharacterOffsetEnd>73</CharacterOffsetEnd>
            <POS>VBP</POS>
          </token>
          <token id="12">
            <word>to</word>
            <lemma>to</lemma>
            <CharacterOffsetBegin>74</CharacterOffsetBegin>
            <CharacterOffsetEnd>76</CharacterOffsetEnd>
            <POS>TO</POS>
          </token>
          <token id="13">
            <word>sue</word>
            <lemma>sue</lemma>
            <CharacterOffsetBegin>77</CharacterOffsetBegin>
            <CharacterOffsetEnd>80</CharacterOffsetEnd>
            <POS>VB</POS>
          </token>
          <token id="14">
            <word>the</word>
            <lemma>the</lemma>
            <CharacterOffsetBegin>81</CharacterOffsetBegin>
            <CharacterOffsetEnd>84</CharacterOffsetEnd>
            <POS>DT</POS>
          </token>
          <token id="15">
            <word>Census</word>
            <lemma>Census</lemma>
            <CharacterOffsetBegin>85</CharacterOffsetBegin>
            <CharacterOffsetEnd>91</CharacterOffsetEnd>
            <POS>NNP</POS>
          </token>
          <token id="16">
            <word>Bureau</word>
            <lemma>Bureau</lemma>
            <CharacterOffsetBegin>92</CharacterOffsetBegin>
            <CharacterOffsetEnd>98</CharacterOffsetEnd>
            <POS>NNP</POS>
          </token>
          <token id="17">
            <word>in</word>
            <lemma>in</lemma>
            <CharacterOffsetBegin>99</CharacterOffsetBegin>
            <CharacterOffsetEnd>101</CharacterOffsetEnd>
            <POS>IN</POS>
          </token>
          <token id="18">
            <word>an</word>
            <lemma>a</lemma>
            <CharacterOffsetBegin>102</CharacterOffsetBegin>
            <CharacterOffsetEnd>104</CharacterOffsetEnd>
            <POS>DT</POS>
          </token>
          <token id="19">
            <word>effort</word>
            <lemma>effort</lemma>
            <CharacterOffsetBegin>105</CharacterOffsetBegin>
            <CharacterOffsetEnd>111</CharacterOffsetEnd>
            <POS>NN</POS>
          </token>
          <token id="20">
            <word>to</word>
            <lemma>to</lemma>
            <CharacterOffsetBegin>112</CharacterOffsetBegin>
            <CharacterOffsetEnd>114</CharacterOffsetEnd>
            <POS>TO</POS>
          </token>
          <token id="21">
            <word>force</word>
            <lemma>force</lemma>
            <CharacterOffsetBegin>115</CharacterOffsetBegin>
            <CharacterOffsetEnd>120</CharacterOffsetEnd>
            <POS>VB</POS>
          </token>
          <token id="22">
            <word>the</word>
            <lemma>the</lemma>
            <CharacterOffsetBegin>121</CharacterOffsetBegin>
            <CharacterOffsetEnd>124</CharacterOffsetEnd>
            <POS>DT</POS>
          </token>
          <token id="23">
            <word>agency</word>
            <lemma>agency</lemma>
            <CharacterOffsetBegin>125</CharacterOffsetBegin>
            <CharacterOffsetEnd>131</CharacterOffsetEnd>
            <POS>NN</POS>
          </token>
          <token id="24">
            <word>to</word>
            <lemma>to</lemma>
            <CharacterOffsetBegin>132</CharacterOffsetBegin>
            <CharacterOffsetEnd>134</CharacterOffsetEnd>
            <POS>TO</POS>
          </token>
          <token id="25">
            <word>delete</word>
            <lemma>delete</lemma>
            <CharacterOffsetBegin>135</CharacterOffsetBegin>
            <CharacterOffsetEnd>141</CharacterOffsetEnd>
            <POS>VB</POS>
          </token>
          <token id="26">
            <word>illegal</word>
            <lemma>illegal</lemma>
            <CharacterOffsetBegin>142</CharacterOffsetBegin>
            <CharacterOffsetEnd>149</CharacterOffsetEnd>
            <POS>JJ</POS>
          </token>
          <token id="27">
            <word>aliens</word>
            <lemma>alien</lemma>
            <CharacterOffsetBegin>150</CharacterOffsetBegin>
            <CharacterOffsetEnd>156</CharacterOffsetEnd>
            <POS>NNS</POS>
          </token>
          <token id="28">
            <word>from</word>
            <lemma>from</lemma>
            <CharacterOffsetBegin>157</CharacterOffsetBegin>
            <CharacterOffsetEnd>161</CharacterOffsetEnd>
            <POS>IN</POS>
          </token>
          <token id="29">
            <word>its</word>
            <lemma>its</lemma>
            <CharacterOffsetBegin>162</CharacterOffsetBegin>
            <CharacterOffsetEnd>165</CharacterOffsetEnd>
            <POS>PRP$</POS>
          </token>
          <token id="30">
            <word>count</word>
            <lemma>count</lemma>
            <CharacterOffsetBegin>166</CharacterOffsetBegin>
            <CharacterOffsetEnd>171</CharacterOffsetEnd>
            <POS>NN</POS>
          </token>
          <token id="31">
            <word>in</word>
            <lemma>in</lemma>
            <CharacterOffsetBegin>172</CharacterOffsetBegin>
            <CharacterOffsetEnd>174</CharacterOffsetEnd>
            <POS>IN</POS>
          </token>
          <token id="32">
            <word>1990</word>
            <lemma>1990</lemma>
            <CharacterOffsetBegin>175</CharacterOffsetBegin>
            <CharacterOffsetEnd>179</CharacterOffsetEnd>
            <POS>CD</POS>
          </token>
          <token id="33">
            <word>.</word>
            <lemma>.</lemma>
            <CharacterOffsetBegin>179</CharacterOffsetBegin>
            <CharacterOffsetEnd>180</CharacterOffsetEnd>
            <POS>.</POS>
          </token>
        </tokens>
      </sentence>
      <sentence id="2">
        <tokens>
          <token id="1">
            <word>Some</word>
            <lemma>some</lemma>
            <CharacterOffsetBegin>184</CharacterOffsetBegin>
            <CharacterOffsetEnd>188</CharacterOffsetEnd>
            <POS>DT</POS>
          </token>
          <token id="2">
            <word>40</word>
            <lemma>40</lemma>
            <CharacterOffsetBegin>189</CharacterOffsetBegin>
            <CharacterOffsetEnd>191</CharacterOffsetEnd>
            <POS>CD</POS>
          </token>
          <token id="3">
            <word>members</word>
            <lemma>member</lemma>
            <CharacterOffsetBegin>192</CharacterOffsetBegin>
            <CharacterOffsetEnd>199</CharacterOffsetEnd>
            <POS>NNS</POS>
          </token>
          <token id="4">
            <word>of</word>
            <lemma>of</lemma>
            <CharacterOffsetBegin>200</CharacterOffsetBegin>
            <CharacterOffsetEnd>202</CharacterOffsetEnd>
            <POS>IN</POS>
          </token>
          <token id="5">
            <word>the</word>
            <lemma>the</lemma>
            <CharacterOffsetBegin>203</CharacterOffsetBegin>
            <CharacterOffsetEnd>206</CharacterOffsetEnd>
            <POS>DT</POS>
          </token>
          <token id="6">
            <word>House</word>
            <lemma>House</lemma>
            <CharacterOffsetBegin>207</CharacterOffsetBegin>
            <CharacterOffsetEnd>212</CharacterOffsetEnd>
            <POS>NNP</POS>
          </token>
          <token id="7">
            <word>joined</word>
            <lemma>join</lemma>
            <CharacterOffsetBegin>213</CharacterOffsetBegin>
            <CharacterOffsetEnd>219</CharacterOffsetEnd>
            <POS>VBD</POS>
          </token>
          <token id="8">
            <word>the</word>
            <lemma>the</lemma>
            <CharacterOffsetBegin>220</CharacterOffsetBegin>
            <CharacterOffsetEnd>223</CharacterOffsetEnd>
            <POS>DT</POS>
          </token>
          <token id="9">
            <word>Federation</word>
            <lemma>Federation</lemma>
            <CharacterOffsetBegin>224</CharacterOffsetBegin>
            <CharacterOffsetEnd>234</CharacterOffsetEnd>
            <POS>NNP</POS>
          </token>
          <token id="10">
            <word>for</word>
            <lemma>for</lemma>
            <CharacterOffsetBegin>235</CharacterOffsetBegin>
            <CharacterOffsetEnd>238</CharacterOffsetEnd>
            <POS>IN</POS>
          </token>
          <token id="11">
            <word>American</word>
            <lemma>American</lemma>
            <CharacterOffsetBegin>239</CharacterOffsetBegin>
            <CharacterOffsetEnd>247</CharacterOffsetEnd>
            <POS>NNP</POS>
          </token>
          <token id="12">
            <word>Immigration</word>
            <lemma>Immigration</lemma>
            <CharacterOffsetBegin>248</CharacterOffsetBegin>
            <CharacterOffsetEnd>259</CharacterOffsetEnd>
            <POS>NNP</POS>
          </token>
          <token id="13">
            <word>Reform</word>
            <lemma>Reform</lemma>
            <CharacterOffsetBegin>260</CharacterOffsetBegin>
            <CharacterOffsetEnd>266</CharacterOffsetEnd>
            <POS>NNP</POS>
          </token>
          <token id="14">
            <word>in</word>
            <lemma>in</lemma>
            <CharacterOffsetBegin>267</CharacterOffsetBegin>
            <CharacterOffsetEnd>269</CharacterOffsetEnd>
            <POS>IN</POS>
          </token>
          <token id="15">
            <word>announcing</word>
            <lemma>announce</lemma>
            <CharacterOffsetBegin>270</CharacterOffsetBegin>
            <CharacterOffsetEnd>280</CharacterOffsetEnd>
            <POS>VBG</POS>
          </token>
          <token id="16">
            <word>that</word>
            <lemma>that</lemma>
            <CharacterOffsetBegin>281</CharacterOffsetBegin>
            <CharacterOffsetEnd>285</CharacterOffsetEnd>
            <POS>IN</POS>
          </token>
          <token id="17">
            <word>the</word>
            <lemma>the</lemma>
            <CharacterOffsetBegin>286</CharacterOffsetBegin>
            <CharacterOffsetEnd>289</CharacterOffsetEnd>
            <POS>DT</POS>
          </token>
          <token id="18">
            <word>suit</word>
            <lemma>suit</lemma>
            <CharacterOffsetBegin>290</CharacterOffsetBegin>
            <CharacterOffsetEnd>294</CharacterOffsetEnd>
            <POS>NN</POS>
          </token>
          <token id="19">
            <word>would</word>
            <lemma>would</lemma>
            <CharacterOffsetBegin>295</CharacterOffsetBegin>
            <CharacterOffsetEnd>300</CharacterOffsetEnd>
            <POS>MD</POS>
          </token>
          <token id="20">
            <word>be</word>
            <lemma>be</lemma>
            <CharacterOffsetBegin>301</CharacterOffsetBegin>
            <CharacterOffsetEnd>303</CharacterOffsetEnd>
            <POS>VB</POS>
          </token>
          <token id="21">
            <word>filed</word>
            <lemma>file</lemma>
            <CharacterOffsetBegin>304</CharacterOffsetBegin>
            <CharacterOffsetEnd>309</CharacterOffsetEnd>
            <POS>VBN</POS>
          </token>
          <token id="22">
            <word>Thursday</word>
            <lemma>Thursday</lemma>
            <CharacterOffsetBegin>310</CharacterOffsetBegin>
            <CharacterOffsetEnd>318</CharacterOffsetEnd>
            <POS>NNP</POS>
          </token>
          <token id="23">
            <word>in</word>
            <lemma>in</lemma>
            <CharacterOffsetBegin>319</CharacterOffsetBegin>
            <CharacterOffsetEnd>321</CharacterOffsetEnd>
            <POS>IN</POS>
          </token>
          <token id="24">
            <word>U.S.</word>
            <lemma>U.S.</lemma>
            <CharacterOffsetBegin>322</CharacterOffsetBegin>
            <CharacterOffsetEnd>326</CharacterOffsetEnd>
            <POS>NNP</POS>
          </token>
          <token id="25">
            <word>District</word>
            <lemma>District</lemma>
            <CharacterOffsetBegin>327</CharacterOffsetBegin>
            <CharacterOffsetEnd>335</CharacterOffsetEnd>
            <POS>NNP</POS>
          </token>
          <token id="26">
            <word>Court</word>
            <lemma>Court</lemma>
            <CharacterOffsetBegin>336</CharacterOffsetBegin>
            <CharacterOffsetEnd>341</CharacterOffsetEnd>
            <POS>NNP</POS>
          </token>
          <token id="27">
            <word>in</word>
            <lemma>in</lemma>
            <CharacterOffsetBegin>342</CharacterOffsetBegin>
            <CharacterOffsetEnd>344</CharacterOffsetEnd>
            <POS>IN</POS>
          </token>
          <token id="28">
            <word>Pittsburgh</word>
            <lemma>Pittsburgh</lemma>
            <CharacterOffsetBegin>345</CharacterOffsetBegin>
            <CharacterOffsetEnd>355</CharacterOffsetEnd>
            <POS>NNP</POS>
          </token>
          <token id="29">
            <word>,</word>
            <lemma>,</lemma>
            <CharacterOffsetBegin>355</CharacterOffsetBegin>
            <CharacterOffsetEnd>356</CharacterOffsetEnd>
            <POS>,</POS>
          </token>
          <token id="30">
            <word>spokesmen</word>
            <lemma>spokesman</lemma>
            <CharacterOffsetBegin>357</CharacterOffsetBegin>
            <CharacterOffsetEnd>366</CharacterOffsetEnd>
            <POS>NNS</POS>
          </token>
          <token id="31">
            <word>said</word>
            <lemma>say</lemma>
            <CharacterOffsetBegin>367</CharacterOffsetBegin>
            <CharacterOffsetEnd>371</CharacterOffsetEnd>
            <POS>VBD</POS>
          </token>
          <token id="32">
            <word>at</word>
            <lemma>at</lemma>
            <CharacterOffsetBegin>372</CharacterOffsetBegin>
            <CharacterOffsetEnd>374</CharacterOffsetEnd>
            <POS>IN</POS>
          </token>
          <token id="33">
            <word>a</word>
            <lemma>a</lemma>
            <CharacterOffsetBegin>375</CharacterOffsetBegin>
            <CharacterOffsetEnd>376</CharacterOffsetEnd>
            <POS>DT</POS>
          </token>
          <token id="34">
            <word>news</word>
            <lemma>news</lemma>
            <CharacterOffsetBegin>377</CharacterOffsetBegin>
            <CharacterOffsetEnd>381</CharacterOffsetEnd>
            <POS>NN</POS>
          </token>
          <token id="35">
            <word>conference</word>
            <lemma>conference</lemma>
            <CharacterOffsetBegin>382</CharacterOffsetBegin>
            <CharacterOffsetEnd>392</CharacterOffsetEnd>
            <POS>NN</POS>
          </token>
          <token id="36">
            <word>here</word>
            <lemma>here</lemma>
            <CharacterOffsetBegin>393</CharacterOffsetBegin>
            <CharacterOffsetEnd>397</CharacterOffsetEnd>
            <POS>RB</POS>
          </token>
          <token id="37">
            <word>.</word>
            <lemma>.</lemma>
            <CharacterOffsetBegin>397</CharacterOffsetBegin>
            <CharacterOffsetEnd>398</CharacterOffsetEnd>
            <POS>.</POS>
          </token>
        </tokens>
      </sentence>
      <sentence id="3">
        <tokens>
          <token id="1">
            <word>The</word>
            <lemma>the</lemma>
            <CharacterOffsetBegin>402</CharacterOffsetBegin>
            <CharacterOffsetEnd>405</CharacterOffsetEnd>
            <POS>DT</POS>
          </token>
          <token id="2">
            <word>group</word>
            <lemma>group</lemma>
            <CharacterOffsetBegin>406</CharacterOffsetBegin>
            <CharacterOffsetEnd>411</CharacterOffsetEnd>
            <POS>NN</POS>
          </token>
          <token id="3">
            <word>contends</word>
            <lemma>contend</lemma>
            <CharacterOffsetBegin>412</CharacterOffsetBegin>
            <CharacterOffsetEnd>420</CharacterOffsetEnd>
            <POS>VBZ</POS>
          </token>
          <token id="4">
            <word>that</word>
            <lemma>that</lemma>
            <CharacterOffsetBegin>421</CharacterOffsetBegin>
            <CharacterOffsetEnd>425</CharacterOffsetEnd>
            <POS>IN</POS>
          </token>
          <token id="5">
            <word>including</word>
            <lemma>include</lemma>
            <CharacterOffsetBegin>426</CharacterOffsetBegin>
            <CharacterOffsetEnd>435</CharacterOffsetEnd>
            <POS>VBG</POS>
          </token>
          <token id="6">
            <word>the</word>
            <lemma>the</lemma>
            <CharacterOffsetBegin>436</CharacterOffsetBegin>
            <CharacterOffsetEnd>439</CharacterOffsetEnd>
            <POS>DT</POS>
          </token>
          <token id="7">
            <word>estimated</word>
            <lemma>estimate</lemma>
            <CharacterOffsetBegin>440</CharacterOffsetBegin>
            <CharacterOffsetEnd>449</CharacterOffsetEnd>
            <POS>VBN</POS>
          </token>
          <token id="8">
            <word>2</word>
            <lemma>2</lemma>
            <CharacterOffsetBegin>450</CharacterOffsetBegin>
            <CharacterOffsetEnd>451</CharacterOffsetEnd>
            <POS>CD</POS>
          </token>
          <token id="9">
            <word>million</word>
            <lemma>million</lemma>
            <CharacterOffsetBegin>452</CharacterOffsetBegin>
            <CharacterOffsetEnd>459</CharacterOffsetEnd>
            <POS>CD</POS>
          </token>
          <token id="10">
            <word>or</word>
            <lemma>or</lemma>
            <CharacterOffsetBegin>460</CharacterOffsetBegin>
            <CharacterOffsetEnd>462</CharacterOffsetEnd>
            <POS>CC</POS>
          </token>
          <token id="11">
            <word>more</word>
            <lemma>more</lemma>
            <CharacterOffsetBegin>463</CharacterOffsetBegin>
            <CharacterOffsetEnd>467</CharacterOffsetEnd>
            <POS>JJR</POS>
          </token>
          <token id="12">
            <word>illegal</word>
            <lemma>illegal</lemma>
            <CharacterOffsetBegin>468</CharacterOffsetBegin>
            <CharacterOffsetEnd>475</CharacterOffsetEnd>
            <POS>JJ</POS>
          </token>
          <token id="13">
            <word>aliens</word>
            <lemma>alien</lemma>
            <CharacterOffsetBegin>476</CharacterOffsetBegin>
            <CharacterOffsetEnd>482</CharacterOffsetEnd>
            <POS>NNS</POS>
          </token>
          <token id="14">
            <word>in</word>
            <lemma>in</lemma>
            <CharacterOffsetBegin>483</CharacterOffsetBegin>
            <CharacterOffsetEnd>485</CharacterOffsetEnd>
            <POS>IN</POS>
          </token>
          <token id="15">
            <word>the</word>
            <lemma>the</lemma>
            <CharacterOffsetBegin>486</CharacterOffsetBegin>
            <CharacterOffsetEnd>489</CharacterOffsetEnd>
            <POS>DT</POS>
          </token>
          <token id="16">
            <word>national</word>
            <lemma>national</lemma>
            <CharacterOffsetBegin>490</CharacterOffsetBegin>
            <CharacterOffsetEnd>498</CharacterOffsetEnd>
            <POS>JJ</POS>
          </token>
          <token id="17">
            <word>head</word>
            <lemma>head</lemma>
            <CharacterOffsetBegin>499</CharacterOffsetBegin>
            <CharacterOffsetEnd>503</CharacterOffsetEnd>
            <POS>NN</POS>
          </token>
          <token id="18">
            <word>count</word>
            <lemma>count</lemma>
            <CharacterOffsetBegin>504</CharacterOffsetBegin>
            <CharacterOffsetEnd>509</CharacterOffsetEnd>
            <POS>NN</POS>
          </token>
          <token id="19">
            <word>,</word>
            <lemma>,</lemma>
            <CharacterOffsetBegin>509</CharacterOffsetBegin>
            <CharacterOffsetEnd>510</CharacterOffsetEnd>
            <POS>,</POS>
          </token>
          <token id="20">
            <word>which</word>
            <lemma>which</lemma>
            <CharacterOffsetBegin>511</CharacterOffsetBegin>
            <CharacterOffsetEnd>516</CharacterOffsetEnd>
            <POS>WDT</POS>
          </token>
          <token id="21">
            <word>is</word>
            <lemma>be</lemma>
            <CharacterOffsetBegin>517</CharacterOffsetBegin>
            <CharacterOffsetEnd>519</CharacterOffsetEnd>
            <POS>VBZ</POS>
          </token>
          <token id="22">
            <word>used</word>
            <lemma>use</lemma>
            <CharacterOffsetBegin>520</CharacterOffsetBegin>
            <CharacterOffsetEnd>524</CharacterOffsetEnd>
            <POS>VBN</POS>
          </token>
          <token id="23">
            <word>to</word>
            <lemma>to</lemma>
            <CharacterOffsetBegin>525</CharacterOffsetBegin>
            <CharacterOffsetEnd>527</CharacterOffsetEnd>
            <POS>TO</POS>
          </token>
          <token id="24">
            <word>distribute</word>
            <lemma>distribute</lemma>
            <CharacterOffsetBegin>528</CharacterOffsetBegin>
            <CharacterOffsetEnd>538</CharacterOffsetEnd>
            <POS>VB</POS>
          </token>
          <token id="25">
            <word>seats</word>
            <lemma>seat</lemma>
            <CharacterOffsetBegin>539</CharacterOffsetBegin>
            <CharacterOffsetEnd>544</CharacterOffsetEnd>
            <POS>NNS</POS>
          </token>
          <token id="26">
            <word>in</word>
            <lemma>in</lemma>
            <CharacterOffsetBegin>545</CharacterOffsetBegin>
            <CharacterOffsetEnd>547</CharacterOffsetEnd>
            <POS>IN</POS>
          </token>
          <token id="27">
            <word>the</word>
            <lemma>the</lemma>
            <CharacterOffsetBegin>548</CharacterOffsetBegin>
            <CharacterOffsetEnd>551</CharacterOffsetEnd>
            <POS>DT</POS>
          </token>
          <token id="28">
            <word>House</word>
            <lemma>House</lemma>
            <CharacterOffsetBegin>552</CharacterOffsetBegin>
            <CharacterOffsetEnd>557</CharacterOffsetEnd>
            <POS>NNP</POS>
          </token>
          <token id="29">
            <word>of</word>
            <lemma>of</lemma>
            <CharacterOffsetBegin>558</CharacterOffsetBegin>
            <CharacterOffsetEnd>560</CharacterOffsetEnd>
            <POS>IN</POS>
          </token>
          <token id="30">
            <word>Representatives</word>
            <lemma>Representatives</lemma>
            <CharacterOffsetBegin>561</CharacterOffsetBegin>
            <CharacterOffsetEnd>576</CharacterOffsetEnd>
            <POS>NNPS</POS>
          </token>
          <token id="31">
            <word>,</word>
            <lemma>,</lemma>
            <CharacterOffsetBegin>576</CharacterOffsetBegin>
            <CharacterOffsetEnd>577</CharacterOffsetEnd>
            <POS>,</POS>
          </token>
          <token id="32">
            <word>will</word>
            <lemma>will</lemma>
            <CharacterOffsetBegin>578</CharacterOffsetBegin>
            <CharacterOffsetEnd>582</CharacterOffsetEnd>
            <POS>MD</POS>
          </token>
          <token id="33">
            <word>cause</word>
            <lemma>cause</lemma>
            <CharacterOffsetBegin>583</CharacterOffsetBegin>
            <CharacterOffsetEnd>588</CharacterOffsetEnd>
            <POS>VB</POS>
          </token>
          <token id="34">
            <word>unfair</word>
            <lemma>unfair</lemma>
            <CharacterOffsetBegin>589</CharacterOffsetBegin>
            <CharacterOffsetEnd>595</CharacterOffsetEnd>
            <POS>JJ</POS>
          </token>
          <token id="35">
            <word>shifts</word>
            <lemma>shift</lemma>
            <CharacterOffsetBegin>596</CharacterOffsetBegin>
            <CharacterOffsetEnd>602</CharacterOffsetEnd>
            <POS>NNS</POS>
          </token>
          <token id="36">
            <word>of</word>
            <lemma>of</lemma>
            <CharacterOffsetBegin>603</CharacterOffsetBegin>
            <CharacterOffsetEnd>605</CharacterOffsetEnd>
            <POS>IN</POS>
          </token>
          <token id="37">
            <word>seats</word>
            <lemma>seat</lemma>
            <CharacterOffsetBegin>606</CharacterOffsetBegin>
            <CharacterOffsetEnd>611</CharacterOffsetEnd>
            <POS>NNS</POS>
          </token>
          <token id="38">
            <word>from</word>
            <lemma>from</lemma>
            <CharacterOffsetBegin>612</CharacterOffsetBegin>
            <CharacterOffsetEnd>616</CharacterOffsetEnd>
            <POS>IN</POS>
          </token>
          <token id="39">
            <word>one</word>
            <lemma>one</lemma>
            <CharacterOffsetBegin>617</CharacterOffsetBegin>
            <CharacterOffsetEnd>620</CharacterOffsetEnd>
            <POS>CD</POS>
          </token>
          <token id="40">
            <word>state</word>
            <lemma>state</lemma>
            <CharacterOffsetBegin>621</CharacterOffsetBegin>
            <CharacterOffsetEnd>626</CharacterOffsetEnd>
            <POS>NN</POS>
          </token>
          <token id="41">
            <word>to</word>
            <lemma>to</lemma>
            <CharacterOffsetBegin>627</CharacterOffsetBegin>
            <CharacterOffsetEnd>629</CharacterOffsetEnd>
            <POS>TO</POS>
          </token>
          <token id="42">
            <word>another</word>
            <lemma>another</lemma>
            <CharacterOffsetBegin>630</CharacterOffsetBegin>
            <CharacterOffsetEnd>637</CharacterOffsetEnd>
            <POS>DT</POS>
          </token>
          <token id="43">
            <word>.</word>
            <lemma>.</lemma>
            <CharacterOffsetBegin>637</CharacterOffsetBegin>
            <CharacterOffsetEnd>638</CharacterOffsetEnd>
            <POS>.</POS>
          </token>
        </tokens>
      </sentence>
      <sentence id="4">
        <tokens>
          <token id="1">
            <word>Census</word>
            <lemma>Census</lemma>
            <CharacterOffsetBegin>642</CharacterOffsetBegin>
            <CharacterOffsetEnd>648</CharacterOffsetEnd>
            <POS>NNP</POS>
          </token>
          <token id="2">
            <word>officials</word>
            <lemma>official</lemma>
            <CharacterOffsetBegin>649</CharacterOffsetBegin>
            <CharacterOffsetEnd>658</CharacterOffsetEnd>
            <POS>NNS</POS>
          </token>
          <token id="3">
            <word>say</word>
            <lemma>say</lemma>
            <CharacterOffsetBegin>659</CharacterOffsetBegin>
            <CharacterOffsetEnd>662</CharacterOffsetEnd>
            <POS>VBP</POS>
          </token>
          <token id="4">
            <word>they</word>
            <lemma>they</lemma>
            <CharacterOffsetBegin>663</CharacterOffsetBegin>
            <CharacterOffsetEnd>667</CharacterOffsetEnd>
            <POS>PRP</POS>
          </token>
          <token id="5">
            <word>are</word>
            <lemma>be</lemma>
            <CharacterOffsetBegin>668</CharacterOffsetBegin>
            <CharacterOffsetEnd>671</CharacterOffsetEnd>
            <POS>VBP</POS>
          </token>
          <token id="6">
            <word>required</word>
            <lemma>require</lemma>
            <CharacterOffsetBegin>672</CharacterOffsetBegin>
            <CharacterOffsetEnd>680</CharacterOffsetEnd>
            <POS>VBN</POS>
          </token>
          <token id="7">
            <word>to</word>
            <lemma>to</lemma>
            <CharacterOffsetBegin>681</CharacterOffsetBegin>
            <CharacterOffsetEnd>683</CharacterOffsetEnd>
            <POS>TO</POS>
          </token>
          <token id="8">
            <word>count</word>
            <lemma>count</lemma>
            <CharacterOffsetBegin>684</CharacterOffsetBegin>
            <CharacterOffsetEnd>689</CharacterOffsetEnd>
            <POS>VB</POS>
          </token>
          <token id="9">
            <word>everyone</word>
            <lemma>everyone</lemma>
            <CharacterOffsetBegin>690</CharacterOffsetBegin>
            <CharacterOffsetEnd>698</CharacterOffsetEnd>
            <POS>NN</POS>
          </token>
          <token id="10">
            <word>by</word>
            <lemma>by</lemma>
            <CharacterOffsetBegin>699</CharacterOffsetBegin>
            <CharacterOffsetEnd>701</CharacterOffsetEnd>
            <POS>IN</POS>
          </token>
          <token id="11">
            <word>the</word>
            <lemma>the</lemma>
            <CharacterOffsetBegin>702</CharacterOffsetBegin>
            <CharacterOffsetEnd>705</CharacterOffsetEnd>
            <POS>DT</POS>
          </token>
          <token id="12">
            <word>U.S.</word>
            <lemma>U.S.</lemma>
            <CharacterOffsetBegin>706</CharacterOffsetBegin>
            <CharacterOffsetEnd>710</CharacterOffsetEnd>
            <POS>NNP</POS>
          </token>
          <token id="13">
            <word>Constitution</word>
            <lemma>Constitution</lemma>
            <CharacterOffsetBegin>711</CharacterOffsetBegin>
            <CharacterOffsetEnd>723</CharacterOffsetEnd>
            <POS>NNP</POS>
          </token>
          <token id="14">
            <word>,</word>
            <lemma>,</lemma>
            <CharacterOffsetBegin>723</CharacterOffsetBegin>
            <CharacterOffsetEnd>724</CharacterOffsetEnd>
            <POS>,</POS>
          </token>
          <token id="15">
            <word>which</word>
            <lemma>which</lemma>
            <CharacterOffsetBegin>725</CharacterOffsetBegin>
            <CharacterOffsetEnd>730</CharacterOffsetEnd>
            <POS>WDT</POS>
          </token>
          <token id="16">
            <word>does</word>
            <lemma>do</lemma>
            <CharacterOffsetBegin>731</CharacterOffsetBegin>
            <CharacterOffsetEnd>735</CharacterOffsetEnd>
            <POS>VBZ</POS>
          </token>
          <token id="17">
            <word>not</word>
            <lemma>not</lemma>
            <CharacterOffsetBegin>736</CharacterOffsetBegin>
            <CharacterOffsetEnd>739</CharacterOffsetEnd>
            <POS>RB</POS>
          </token>
          <token id="18">
            <word>mention</word>
            <lemma>mention</lemma>
            <CharacterOffsetBegin>740</CharacterOffsetBegin>
            <CharacterOffsetEnd>747</CharacterOffsetEnd>
            <POS>VB</POS>
          </token>
          <token id="19">
            <word>citizenship</word>
            <lemma>citizenship</lemma>
            <CharacterOffsetBegin>748</CharacterOffsetBegin>
            <CharacterOffsetEnd>759</CharacterOffsetEnd>
            <POS>NN</POS>
          </token>
          <token id="20">
            <word>but</word>
            <lemma>but</lemma>
            <CharacterOffsetBegin>760</CharacterOffsetBegin>
            <CharacterOffsetEnd>763</CharacterOffsetEnd>
            <POS>CC</POS>
          </token>
          <token id="21">
            <word>only</word>
            <lemma>only</lemma>
            <CharacterOffsetBegin>764</CharacterOffsetBegin>
            <CharacterOffsetEnd>768</CharacterOffsetEnd>
            <POS>RB</POS>
          </token>
          <token id="22">
            <word>instructs</word>
            <lemma>instruct</lemma>
            <CharacterOffsetBegin>769</CharacterOffsetBegin>
            <CharacterOffsetEnd>778</CharacterOffsetEnd>
            <POS>VBZ</POS>
          </token>
          <token id="23">
            <word>that</word>
            <lemma>that</lemma>
            <CharacterOffsetBegin>779</CharacterOffsetBegin>
            <CharacterOffsetEnd>783</CharacterOffsetEnd>
            <POS>IN</POS>
          </token>
          <token id="24">
            <word>the</word>
            <lemma>the</lemma>
            <CharacterOffsetBegin>784</CharacterOffsetBegin>
            <CharacterOffsetEnd>787</CharacterOffsetEnd>
            <POS>DT</POS>
          </token>
          <token id="25">
            <word>House</word>
            <lemma>House</lemma>
            <CharacterOffsetBegin>788</CharacterOffsetBegin>
            <CharacterOffsetEnd>793</CharacterOffsetEnd>
            <POS>NNP</POS>
          </token>
          <token id="26">
            <word>apportionment</word>
            <lemma>apportionment</lemma>
            <CharacterOffsetBegin>794</CharacterOffsetBegin>
            <CharacterOffsetEnd>807</CharacterOffsetEnd>
            <POS>NN</POS>
          </token>
          <token id="27">
            <word>be</word>
            <lemma>be</lemma>
            <CharacterOffsetBegin>808</CharacterOffsetBegin>
            <CharacterOffsetEnd>810</CharacterOffsetEnd>
            <POS>VB</POS>
          </token>
          <token id="28">
            <word>based</word>
            <lemma>base</lemma>
            <CharacterOffsetBegin>811</CharacterOffsetBegin>
            <CharacterOffsetEnd>816</CharacterOffsetEnd>
            <POS>VBN</POS>
          </token>
          <token id="29">
            <word>on</word>
            <lemma>on</lemma>
            <CharacterOffsetBegin>817</CharacterOffsetBegin>
            <CharacterOffsetEnd>819</CharacterOffsetEnd>
            <POS>IN</POS>
          </token>
          <token id="30">
            <word>the</word>
            <lemma>the</lemma>
            <CharacterOffsetBegin>820</CharacterOffsetBegin>
            <CharacterOffsetEnd>823</CharacterOffsetEnd>
            <POS>DT</POS>
          </token>
          <token id="31">
            <word>``</word>
            <lemma>``</lemma>
            <CharacterOffsetBegin>824</CharacterOffsetBegin>
            <CharacterOffsetEnd>826</CharacterOffsetEnd>
            <POS>``</POS>
          </token>
          <token id="32">
            <word>whole</word>
            <lemma>whole</lemma>
            <CharacterOffsetBegin>826</CharacterOffsetBegin>
            <CharacterOffsetEnd>831</CharacterOffsetEnd>
            <POS>JJ</POS>
          </token>
          <token id="33">
            <word>number</word>
            <lemma>number</lemma>
            <CharacterOffsetBegin>832</CharacterOffsetBegin>
            <CharacterOffsetEnd>838</CharacterOffsetEnd>
            <POS>NN</POS>
          </token>
          <token id="34">
            <word>of</word>
            <lemma>of</lemma>
            <CharacterOffsetBegin>839</CharacterOffsetBegin>
            <CharacterOffsetEnd>841</CharacterOffsetEnd>
            <POS>IN</POS>
          </token>
          <token id="35">
            <word>persons</word>
            <lemma>person</lemma>
            <CharacterOffsetBegin>842</CharacterOffsetBegin>
            <CharacterOffsetEnd>849</CharacterOffsetEnd>
            <POS>NNS</POS>
          </token>
          <token id="36">
            <word>''</word>
            <lemma>''</lemma>
            <CharacterOffsetBegin>849</CharacterOffsetBegin>
            <CharacterOffsetEnd>851</CharacterOffsetEnd>
            <POS>''</POS>
          </token>
          <token id="37">
            <word>residing</word>
            <lemma>reside</lemma>
            <CharacterOffsetBegin>852</CharacterOffsetBegin>
            <CharacterOffsetEnd>860</CharacterOffsetEnd>
            <POS>VBG</POS>
          </token>
          <token id="38">
            <word>in</word>
            <lemma>in</lemma>
            <CharacterOffsetBegin>861</CharacterOffsetBegin>
            <CharacterOffsetEnd>863</CharacterOffsetEnd>
            <POS>IN</POS>
          </token>
          <token id="39">
            <word>the</word>
            <lemma>the</lemma>
            <CharacterOffsetBegin>864</CharacterOffsetBegin>
            <CharacterOffsetEnd>867</CharacterOffsetEnd>
            <POS>DT</POS>
          </token>
          <token id="40">
            <word>various</word>
            <lemma>various</lemma>
            <CharacterOffsetBegin>868</CharacterOffsetBegin>
            <CharacterOffsetEnd>875</CharacterOffsetEnd>
            <POS>JJ</POS>
          </token>
          <token id="41">
            <word>states</word>
            <lemma>state</lemma>
            <CharacterOffsetBegin>876</CharacterOffsetBegin>
            <CharacterOffsetEnd>882</CharacterOffsetEnd>
            <POS>NNS</POS>
          </token>
          <token id="42">
            <word>.</word>
            <lemma>.</lemma>
            <CharacterOffsetBegin>882</CharacterOffsetBegin>
            <CharacterOffsetEnd>883</CharacterOffsetEnd>
            <POS>.</POS>
          </token>
        </tokens>
      </sentence>
      <sentence id="5">
        <tokens>
          <token id="1">
            <word>That</word>
            <lemma>that</lemma>
            <CharacterOffsetBegin>884</CharacterOffsetBegin>
            <CharacterOffsetEnd>888</CharacterOffsetEnd>
            <POS>DT</POS>
          </token>
          <token id="2">
            <word>approach</word>
            <lemma>approach</lemma>
            <CharacterOffsetBegin>889</CharacterOffsetBegin>
            <CharacterOffsetEnd>897</CharacterOffsetEnd>
            <POS>NN</POS>
          </token>
          <token id="3">
            <word>was</word>
            <lemma>be</lemma>
            <CharacterOffsetBegin>898</CharacterOffsetBegin>
            <CharacterOffsetEnd>901</CharacterOffsetEnd>
            <POS>VBD</POS>
          </token>
          <token id="4">
            <word>upheld</word>
            <lemma>uphold</lemma>
            <CharacterOffsetBegin>902</CharacterOffsetBegin>
            <CharacterOffsetEnd>908</CharacterOffsetEnd>
            <POS>VBN</POS>
          </token>
          <token id="5">
            <word>by</word>
            <lemma>by</lemma>
            <CharacterOffsetBegin>909</CharacterOffsetBegin>
            <CharacterOffsetEnd>911</CharacterOffsetEnd>
            <POS>IN</POS>
          </token>
          <token id="6">
            <word>a</word>
            <lemma>a</lemma>
            <CharacterOffsetBegin>912</CharacterOffsetBegin>
            <CharacterOffsetEnd>913</CharacterOffsetEnd>
            <POS>DT</POS>
          </token>
          <token id="7">
            <word>federal</word>
            <lemma>federal</lemma>
            <CharacterOffsetBegin>914</CharacterOffsetBegin>
            <CharacterOffsetEnd>921</CharacterOffsetEnd>
            <POS>JJ</POS>
          </token>
          <token id="8">
            <word>court</word>
            <lemma>court</lemma>
            <CharacterOffsetBegin>922</CharacterOffsetBegin>
            <CharacterOffsetEnd>927</CharacterOffsetEnd>
            <POS>NN</POS>
          </token>
          <token id="9">
            <word>in</word>
            <lemma>in</lemma>
            <CharacterOffsetBegin>928</CharacterOffsetBegin>
            <CharacterOffsetEnd>930</CharacterOffsetEnd>
            <POS>IN</POS>
          </token>
          <token id="10">
            <word>a</word>
            <lemma>a</lemma>
            <CharacterOffsetBegin>931</CharacterOffsetBegin>
            <CharacterOffsetEnd>932</CharacterOffsetEnd>
            <POS>DT</POS>
          </token>
          <token id="11">
            <word>similar</word>
            <lemma>similar</lemma>
            <CharacterOffsetBegin>933</CharacterOffsetBegin>
            <CharacterOffsetEnd>940</CharacterOffsetEnd>
            <POS>JJ</POS>
          </token>
          <token id="12">
            <word>suit</word>
            <lemma>suit</lemma>
            <CharacterOffsetBegin>941</CharacterOffsetBegin>
            <CharacterOffsetEnd>945</CharacterOffsetEnd>
            <POS>NN</POS>
          </token>
          <token id="13">
            <word>,</word>
            <lemma>,</lemma>
            <CharacterOffsetBegin>945</CharacterOffsetBegin>
            <CharacterOffsetEnd>946</CharacterOffsetEnd>
            <POS>,</POS>
          </token>
          <token id="14">
            <word>brought</word>
            <lemma>bring</lemma>
            <CharacterOffsetBegin>947</CharacterOffsetBegin>
            <CharacterOffsetEnd>954</CharacterOffsetEnd>
            <POS>VBN</POS>
          </token>
          <token id="15">
            <word>by</word>
            <lemma>by</lemma>
            <CharacterOffsetBegin>955</CharacterOffsetBegin>
            <CharacterOffsetEnd>957</CharacterOffsetEnd>
            <POS>IN</POS>
          </token>
          <token id="16">
            <word>the</word>
            <lemma>the</lemma>
            <CharacterOffsetBegin>958</CharacterOffsetBegin>
            <CharacterOffsetEnd>961</CharacterOffsetEnd>
            <POS>DT</POS>
          </token>
          <token id="17">
            <word>same</word>
            <lemma>same</lemma>
            <CharacterOffsetBegin>962</CharacterOffsetBegin>
            <CharacterOffsetEnd>966</CharacterOffsetEnd>
            <POS>JJ</POS>
          </token>
          <token id="18">
            <word>immigration</word>
            <lemma>immigration</lemma>
            <CharacterOffsetBegin>967</CharacterOffsetBegin>
            <CharacterOffsetEnd>978</CharacterOffsetEnd>
            <POS>NN</POS>
          </token>
          <token id="19">
            <word>reform</word>
            <lemma>reform</lemma>
            <CharacterOffsetBegin>979</CharacterOffsetBegin>
            <CharacterOffsetEnd>985</CharacterOffsetEnd>
            <POS>NN</POS>
          </token>
          <token id="20">
            <word>group</word>
            <lemma>group</lemma>
            <CharacterOffsetBegin>986</CharacterOffsetBegin>
            <CharacterOffsetEnd>991</CharacterOffsetEnd>
            <POS>NN</POS>
          </token>
          <token id="21">
            <word>,</word>
            <lemma>,</lemma>
            <CharacterOffsetBegin>991</CharacterOffsetBegin>
            <CharacterOffsetEnd>992</CharacterOffsetEnd>
            <POS>,</POS>
          </token>
          <token id="22">
            <word>before</word>
            <lemma>before</lemma>
            <CharacterOffsetBegin>993</CharacterOffsetBegin>
            <CharacterOffsetEnd>999</CharacterOffsetEnd>
            <POS>IN</POS>
          </token>
          <token id="23">
            <word>the</word>
            <lemma>the</lemma>
            <CharacterOffsetBegin>1000</CharacterOffsetBegin>
            <CharacterOffsetEnd>1003</CharacterOffsetEnd>
            <POS>DT</POS>
          </token>
          <token id="24">
            <word>1980</word>
            <lemma>1980</lemma>
            <CharacterOffsetBegin>1004</CharacterOffsetBegin>
            <CharacterOffsetEnd>1008</CharacterOffsetEnd>
            <POS>CD</POS>
          </token>
          <token id="25">
            <word>Census</word>
            <lemma>Census</lemma>
            <CharacterOffsetBegin>1009</CharacterOffsetBegin>
            <CharacterOffsetEnd>1015</CharacterOffsetEnd>
            <POS>NNP</POS>
          </token>
          <token id="26">
            <word>.</word>
            <lemma>.</lemma>
            <CharacterOffsetBegin>1015</CharacterOffsetBegin>
            <CharacterOffsetEnd>1016</CharacterOffsetEnd>
            <POS>.</POS>
          </token>
        </tokens>
      </sentence>
      <sentence id="6">
        <tokens>
          <token id="1">
            <word>Nonetheless</word>
            <lemma>nonetheless</lemma>
            <CharacterOffsetBegin>1020</CharacterOffsetBegin>
            <CharacterOffsetEnd>1031</CharacterOffsetEnd>
            <POS>RB</POS>
          </token>
          <token id="2">
            <word>,</word>
            <lemma>,</lemma>
            <CharacterOffsetBegin>1031</CharacterOffsetBegin>
            <CharacterOffsetEnd>1032</CharacterOffsetEnd>
            <POS>,</POS>
          </token>
          <token id="3">
            <word>Dan</word>
            <lemma>Dan</lemma>
            <CharacterOffsetBegin>1033</CharacterOffsetBegin>
            <CharacterOffsetEnd>1036</CharacterOffsetEnd>
            <POS>NNP</POS>
          </token>
          <token id="4">
            <word>Stein</word>
            <lemma>Stein</lemma>
            <CharacterOffsetBegin>1037</CharacterOffsetBegin>
            <CharacterOffsetEnd>1042</CharacterOffsetEnd>
            <POS>NNP</POS>
          </token>
          <token id="5">
            <word>of</word>
            <lemma>of</lemma>
            <CharacterOffsetBegin>1043</CharacterOffsetBegin>
            <CharacterOffsetEnd>1045</CharacterOffsetEnd>
            <POS>IN</POS>
          </token>
          <token id="6">
            <word>the</word>
            <lemma>the</lemma>
            <CharacterOffsetBegin>1046</CharacterOffsetBegin>
            <CharacterOffsetEnd>1049</CharacterOffsetEnd>
            <POS>DT</POS>
          </token>
          <token id="7">
            <word>immigration</word>
            <lemma>immigration</lemma>
            <CharacterOffsetBegin>1050</CharacterOffsetBegin>
            <CharacterOffsetEnd>1061</CharacterOffsetEnd>
            <POS>NN</POS>
          </token>
          <token id="8">
            <word>reform</word>
            <lemma>reform</lemma>
            <CharacterOffsetBegin>1062</CharacterOffsetBegin>
            <CharacterOffsetEnd>1068</CharacterOffsetEnd>
            <POS>NN</POS>
          </token>
          <token id="9">
            <word>federation</word>
            <lemma>federation</lemma>
            <CharacterOffsetBegin>1069</CharacterOffsetBegin>
            <CharacterOffsetEnd>1079</CharacterOffsetEnd>
            <POS>NN</POS>
          </token>
          <token id="10">
            <word>contended</word>
            <lemma>contend</lemma>
            <CharacterOffsetBegin>1080</CharacterOffsetBegin>
            <CharacterOffsetEnd>1089</CharacterOffsetEnd>
            <POS>VBD</POS>
          </token>
          <token id="11">
            <word>that</word>
            <lemma>that</lemma>
            <CharacterOffsetBegin>1090</CharacterOffsetBegin>
            <CharacterOffsetEnd>1094</CharacterOffsetEnd>
            <POS>IN</POS>
          </token>
          <token id="12">
            <word>illegal</word>
            <lemma>illegal</lemma>
            <CharacterOffsetBegin>1095</CharacterOffsetBegin>
            <CharacterOffsetEnd>1102</CharacterOffsetEnd>
            <POS>JJ</POS>
          </token>
          <token id="13">
            <word>aliens</word>
            <lemma>alien</lemma>
            <CharacterOffsetBegin>1103</CharacterOffsetBegin>
            <CharacterOffsetEnd>1109</CharacterOffsetEnd>
            <POS>NNS</POS>
          </token>
          <token id="14">
            <word>should</word>
            <lemma>should</lemma>
            <CharacterOffsetBegin>1110</CharacterOffsetBegin>
            <CharacterOffsetEnd>1116</CharacterOffsetEnd>
            <POS>MD</POS>
          </token>
          <token id="15">
            <word>not</word>
            <lemma>not</lemma>
            <CharacterOffsetBegin>1117</CharacterOffsetBegin>
            <CharacterOffsetEnd>1120</CharacterOffsetEnd>
            <POS>RB</POS>
          </token>
          <token id="16">
            <word>be</word>
            <lemma>be</lemma>
            <CharacterOffsetBegin>1121</CharacterOffsetBegin>
            <CharacterOffsetEnd>1123</CharacterOffsetEnd>
            <POS>VB</POS>
          </token>
          <token id="17">
            <word>allowed</word>
            <lemma>allow</lemma>
            <CharacterOffsetBegin>1124</CharacterOffsetBegin>
            <CharacterOffsetEnd>1131</CharacterOffsetEnd>
            <POS>VBN</POS>
          </token>
          <token id="18">
            <word>to</word>
            <lemma>to</lemma>
            <CharacterOffsetBegin>1132</CharacterOffsetBegin>
            <CharacterOffsetEnd>1134</CharacterOffsetEnd>
            <POS>TO</POS>
          </token>
          <token id="19">
            <word>be</word>
            <lemma>be</lemma>
            <CharacterOffsetBegin>1135</CharacterOffsetBegin>
            <CharacterOffsetEnd>1137</CharacterOffsetEnd>
            <POS>VB</POS>
          </token>
          <token id="20">
            <word>part</word>
            <lemma>part</lemma>
            <CharacterOffsetBegin>1138</CharacterOffsetBegin>
            <CharacterOffsetEnd>1142</CharacterOffsetEnd>
            <POS>NN</POS>
          </token>
          <token id="21">
            <word>of</word>
            <lemma>of</lemma>
            <CharacterOffsetBegin>1143</CharacterOffsetBegin>
            <CharacterOffsetEnd>1145</CharacterOffsetEnd>
            <POS>IN</POS>
          </token>
          <token id="22">
            <word>determining</word>
            <lemma>determine</lemma>
            <CharacterOffsetBegin>1146</CharacterOffsetBegin>
            <CharacterOffsetEnd>1157</CharacterOffsetEnd>
            <POS>VBG</POS>
          </token>
          <token id="23">
            <word>the</word>
            <lemma>the</lemma>
            <CharacterOffsetBegin>1158</CharacterOffsetBegin>
            <CharacterOffsetEnd>1161</CharacterOffsetEnd>
            <POS>DT</POS>
          </token>
          <token id="24">
            <word>political</word>
            <lemma>political</lemma>
            <CharacterOffsetBegin>1162</CharacterOffsetBegin>
            <CharacterOffsetEnd>1171</CharacterOffsetEnd>
            <POS>JJ</POS>
          </token>
          <token id="25">
            <word>structure</word>
            <lemma>structure</lemma>
            <CharacterOffsetBegin>1172</CharacterOffsetBegin>
            <CharacterOffsetEnd>1181</CharacterOffsetEnd>
            <POS>NN</POS>
          </token>
          <token id="26">
            <word>of</word>
            <lemma>of</lemma>
            <CharacterOffsetBegin>1182</CharacterOffsetBegin>
            <CharacterOffsetEnd>1184</CharacterOffsetEnd>
            <POS>IN</POS>
          </token>
          <token id="27">
            <word>the</word>
            <lemma>the</lemma>
            <CharacterOffsetBegin>1185</CharacterOffsetBegin>
            <CharacterOffsetEnd>1188</CharacterOffsetEnd>
            <POS>DT</POS>
          </token>
          <token id="28">
            <word>United</word>
            <lemma>United</lemma>
            <CharacterOffsetBegin>1189</CharacterOffsetBegin>
            <CharacterOffsetEnd>1195</CharacterOffsetEnd>
            <POS>NNP</POS>
          </token>
          <token id="29">
            <word>States</word>
            <lemma>States</lemma>
            <CharacterOffsetBegin>1196</CharacterOffsetBegin>
            <CharacterOffsetEnd>1202</CharacterOffsetEnd>
            <POS>NNPS</POS>
          </token>
          <token id="30">
            <word>.</word>
            <lemma>.</lemma>
            <CharacterOffsetBegin>1202</CharacterOffsetBegin>
            <CharacterOffsetEnd>1203</CharacterOffsetEnd>
            <POS>.</POS>
          </token>
        </tokens>
      </sentence>
      <sentence id="7">
        <tokens>
          <token id="1">
            <word>Rep.</word>
            <lemma>Rep.</lemma>
            <CharacterOffsetBegin>1207</CharacterOffsetBegin>
            <CharacterOffsetEnd>1211</CharacterOffsetEnd>
            <POS>NNP</POS>
          </token>
          <token id="2">
            <word>Tom</word>
            <lemma>Tom</lemma>
            <CharacterOffsetBegin>1212</CharacterOffsetBegin>
            <CharacterOffsetEnd>1215</CharacterOffsetEnd>
            <POS>NNP</POS>
          </token>
          <token id="3">
            <word>Ridge</word>
            <lemma>Ridge</lemma>
            <CharacterOffsetBegin>1216</CharacterOffsetBegin>
            <CharacterOffsetEnd>1221</CharacterOffsetEnd>
            <POS>NNP</POS>
          </token>
          <token id="4">
            <word>,</word>
            <lemma>,</lemma>
            <CharacterOffsetBegin>1221</CharacterOffsetBegin>
            <CharacterOffsetEnd>1222</CharacterOffsetEnd>
            <POS>,</POS>
          </token>
          <token id="5">
            <word>R-Pa.</word>
            <lemma>R-Pa.</lemma>
            <CharacterOffsetBegin>1223</CharacterOffsetBegin>
            <CharacterOffsetEnd>1228</CharacterOffsetEnd>
            <POS>NNP</POS>
          </token>
          <token id="6">
            <word>,</word>
            <lemma>,</lemma>
            <CharacterOffsetBegin>1228</CharacterOffsetBegin>
            <CharacterOffsetEnd>1229</CharacterOffsetEnd>
            <POS>,</POS>
          </token>
          <token id="7">
            <word>said</word>
            <lemma>say</lemma>
            <CharacterOffsetBegin>1230</CharacterOffsetBegin>
            <CharacterOffsetEnd>1234</CharacterOffsetEnd>
            <POS>VBD</POS>
          </token>
          <token id="8">
            <word>the</word>
            <lemma>the</lemma>
            <CharacterOffsetBegin>1235</CharacterOffsetBegin>
            <CharacterOffsetEnd>1238</CharacterOffsetEnd>
            <POS>DT</POS>
          </token>
          <token id="9">
            <word>Census</word>
            <lemma>Census</lemma>
            <CharacterOffsetBegin>1239</CharacterOffsetBegin>
            <CharacterOffsetEnd>1245</CharacterOffsetEnd>
            <POS>NNP</POS>
          </token>
          <token id="10">
            <word>Bureau</word>
            <lemma>Bureau</lemma>
            <CharacterOffsetBegin>1246</CharacterOffsetBegin>
            <CharacterOffsetEnd>1252</CharacterOffsetEnd>
            <POS>NNP</POS>
          </token>
          <token id="11">
            <word>should</word>
            <lemma>should</lemma>
            <CharacterOffsetBegin>1253</CharacterOffsetBegin>
            <CharacterOffsetEnd>1259</CharacterOffsetEnd>
            <POS>MD</POS>
          </token>
          <token id="12">
            <word>actually</word>
            <lemma>actually</lemma>
            <CharacterOffsetBegin>1260</CharacterOffsetBegin>
            <CharacterOffsetEnd>1268</CharacterOffsetEnd>
            <POS>RB</POS>
          </token>
          <token id="13">
            <word>count</word>
            <lemma>count</lemma>
            <CharacterOffsetBegin>1269</CharacterOffsetBegin>
            <CharacterOffsetEnd>1274</CharacterOffsetEnd>
            <POS>VB</POS>
          </token>
          <token id="14">
            <word>everyone</word>
            <lemma>everyone</lemma>
            <CharacterOffsetBegin>1275</CharacterOffsetBegin>
            <CharacterOffsetEnd>1283</CharacterOffsetEnd>
            <POS>NN</POS>
          </token>
          <token id="15">
            <word>but</word>
            <lemma>but</lemma>
            <CharacterOffsetBegin>1284</CharacterOffsetBegin>
            <CharacterOffsetEnd>1287</CharacterOffsetEnd>
            <POS>CC</POS>
          </token>
          <token id="16">
            <word>that</word>
            <lemma>that</lemma>
            <CharacterOffsetBegin>1288</CharacterOffsetBegin>
            <CharacterOffsetEnd>1292</CharacterOffsetEnd>
            <POS>IN</POS>
          </token>
          <token id="17">
            <word>it</word>
            <lemma>it</lemma>
            <CharacterOffsetBegin>1293</CharacterOffsetBegin>
            <CharacterOffsetEnd>1295</CharacterOffsetEnd>
            <POS>PRP</POS>
          </token>
          <token id="18">
            <word>should</word>
            <lemma>should</lemma>
            <CharacterOffsetBegin>1296</CharacterOffsetBegin>
            <CharacterOffsetEnd>1302</CharacterOffsetEnd>
            <POS>MD</POS>
          </token>
          <token id="19">
            <word>develop</word>
            <lemma>develop</lemma>
            <CharacterOffsetBegin>1303</CharacterOffsetBegin>
            <CharacterOffsetEnd>1310</CharacterOffsetEnd>
            <POS>VB</POS>
          </token>
          <token id="20">
            <word>a</word>
            <lemma>a</lemma>
            <CharacterOffsetBegin>1311</CharacterOffsetBegin>
            <CharacterOffsetEnd>1312</CharacterOffsetEnd>
            <POS>DT</POS>
          </token>
          <token id="21">
            <word>method</word>
            <lemma>method</lemma>
            <CharacterOffsetBegin>1313</CharacterOffsetBegin>
            <CharacterOffsetEnd>1319</CharacterOffsetEnd>
            <POS>NN</POS>
          </token>
          <token id="22">
            <word>to</word>
            <lemma>to</lemma>
            <CharacterOffsetBegin>1320</CharacterOffsetBegin>
            <CharacterOffsetEnd>1322</CharacterOffsetEnd>
            <POS>TO</POS>
          </token>
          <token id="23">
            <word>determine</word>
            <lemma>determine</lemma>
            <CharacterOffsetBegin>1323</CharacterOffsetBegin>
            <CharacterOffsetEnd>1332</CharacterOffsetEnd>
            <POS>VB</POS>
          </token>
          <token id="24">
            <word>how</word>
            <lemma>how</lemma>
            <CharacterOffsetBegin>1333</CharacterOffsetBegin>
            <CharacterOffsetEnd>1336</CharacterOffsetEnd>
            <POS>WRB</POS>
          </token>
          <token id="25">
            <word>many</word>
            <lemma>many</lemma>
            <CharacterOffsetBegin>1337</CharacterOffsetBegin>
            <CharacterOffsetEnd>1341</CharacterOffsetEnd>
            <POS>JJ</POS>
          </token>
          <token id="26">
            <word>people</word>
            <lemma>people</lemma>
            <CharacterOffsetBegin>1342</CharacterOffsetBegin>
            <CharacterOffsetEnd>1348</CharacterOffsetEnd>
            <POS>NNS</POS>
          </token>
          <token id="27">
            <word>are</word>
            <lemma>be</lemma>
            <CharacterOffsetBegin>1349</CharacterOffsetBegin>
            <CharacterOffsetEnd>1352</CharacterOffsetEnd>
            <POS>VBP</POS>
          </token>
          <token id="28">
            <word>illegally</word>
            <lemma>illegally</lemma>
            <CharacterOffsetBegin>1353</CharacterOffsetBegin>
            <CharacterOffsetEnd>1362</CharacterOffsetEnd>
            <POS>RB</POS>
          </token>
          <token id="29">
            <word>in</word>
            <lemma>in</lemma>
            <CharacterOffsetBegin>1363</CharacterOffsetBegin>
            <CharacterOffsetEnd>1365</CharacterOffsetEnd>
            <POS>IN</POS>
          </token>
          <token id="30">
            <word>the</word>
            <lemma>the</lemma>
            <CharacterOffsetBegin>1366</CharacterOffsetBegin>
            <CharacterOffsetEnd>1369</CharacterOffsetEnd>
            <POS>DT</POS>
          </token>
          <token id="31">
            <word>country</word>
            <lemma>country</lemma>
            <CharacterOffsetBegin>1370</CharacterOffsetBegin>
            <CharacterOffsetEnd>1377</CharacterOffsetEnd>
            <POS>NN</POS>
          </token>
          <token id="32">
            <word>,</word>
            <lemma>,</lemma>
            <CharacterOffsetBegin>1377</CharacterOffsetBegin>
            <CharacterOffsetEnd>1378</CharacterOffsetEnd>
            <POS>,</POS>
          </token>
          <token id="33">
            <word>and</word>
            <lemma>and</lemma>
            <CharacterOffsetBegin>1379</CharacterOffsetBegin>
            <CharacterOffsetEnd>1382</CharacterOffsetEnd>
            <POS>CC</POS>
          </token>
          <token id="34">
            <word>them</word>
            <lemma>they</lemma>
            <CharacterOffsetBegin>1383</CharacterOffsetBegin>
            <CharacterOffsetEnd>1387</CharacterOffsetEnd>
            <POS>PRP</POS>
          </token>
          <token id="35">
            <word>deduct</word>
            <lemma>deduct</lemma>
            <CharacterOffsetBegin>1388</CharacterOffsetBegin>
            <CharacterOffsetEnd>1394</CharacterOffsetEnd>
            <POS>VB</POS>
          </token>
          <token id="36">
            <word>that</word>
            <lemma>that</lemma>
            <CharacterOffsetBegin>1395</CharacterOffsetBegin>
            <CharacterOffsetEnd>1399</CharacterOffsetEnd>
            <POS>DT</POS>
          </token>
          <token id="37">
            <word>number</word>
            <lemma>number</lemma>
            <CharacterOffsetBegin>1400</CharacterOffsetBegin>
            <CharacterOffsetEnd>1406</CharacterOffsetEnd>
            <POS>NN</POS>
          </token>
          <token id="38">
            <word>from</word>
            <lemma>from</lemma>
            <CharacterOffsetBegin>1407</CharacterOffsetBegin>
            <CharacterOffsetEnd>1411</CharacterOffsetEnd>
            <POS>IN</POS>
          </token>
          <token id="39">
            <word>the</word>
            <lemma>the</lemma>
            <CharacterOffsetBegin>1412</CharacterOffsetBegin>
            <CharacterOffsetEnd>1415</CharacterOffsetEnd>
            <POS>DT</POS>
          </token>
          <token id="40">
            <word>figures</word>
            <lemma>figure</lemma>
            <CharacterOffsetBegin>1416</CharacterOffsetBegin>
            <CharacterOffsetEnd>1423</CharacterOffsetEnd>
            <POS>NNS</POS>
          </token>
          <token id="41">
            <word>used</word>
            <lemma>use</lemma>
            <CharacterOffsetBegin>1424</CharacterOffsetBegin>
            <CharacterOffsetEnd>1428</CharacterOffsetEnd>
            <POS>VBN</POS>
          </token>
          <token id="42">
            <word>for</word>
            <lemma>for</lemma>
            <CharacterOffsetBegin>1429</CharacterOffsetBegin>
            <CharacterOffsetEnd>1432</CharacterOffsetEnd>
            <POS>IN</POS>
          </token>
          <token id="43">
            <word>reapportioning</word>
            <lemma>reapportion</lemma>
            <CharacterOffsetBegin>1433</CharacterOffsetBegin>
            <CharacterOffsetEnd>1447</CharacterOffsetEnd>
            <POS>VBG</POS>
          </token>
          <token id="44">
            <word>Congress</word>
            <lemma>Congress</lemma>
            <CharacterOffsetBegin>1448</CharacterOffsetBegin>
            <CharacterOffsetEnd>1456</CharacterOffsetEnd>
            <POS>NNP</POS>
          </token>
          <token id="45">
            <word>.</word>
            <lemma>.</lemma>
            <CharacterOffsetBegin>1456</CharacterOffsetBegin>
            <CharacterOffsetEnd>1457</CharacterOffsetEnd>
            <POS>.</POS>
          </token>
        </tokens>
      </sentence>
      <sentence id="8">
        <tokens>
          <token id="1">
            <word>Rep.</word>
            <lemma>Rep.</lemma>
            <CharacterOffsetBegin>1461</CharacterOffsetBegin>
            <CharacterOffsetEnd>1465</CharacterOffsetEnd>
            <POS>NNP</POS>
          </token>
          <token id="2">
            <word>Jan</word>
            <lemma>Jan</lemma>
            <CharacterOffsetBegin>1466</CharacterOffsetBegin>
            <CharacterOffsetEnd>1469</CharacterOffsetEnd>
            <POS>NNP</POS>
          </token>
          <token id="3">
            <word>Meyers</word>
            <lemma>Meyers</lemma>
            <CharacterOffsetBegin>1470</CharacterOffsetBegin>
            <CharacterOffsetEnd>1476</CharacterOffsetEnd>
            <POS>NNP</POS>
          </token>
          <token id="4">
            <word>,</word>
            <lemma>,</lemma>
            <CharacterOffsetBegin>1476</CharacterOffsetBegin>
            <CharacterOffsetEnd>1477</CharacterOffsetEnd>
            <POS>,</POS>
          </token>
          <token id="5">
            <word>R-Kan.</word>
            <lemma>R-Kan.</lemma>
            <CharacterOffsetBegin>1478</CharacterOffsetBegin>
            <CharacterOffsetEnd>1484</CharacterOffsetEnd>
            <POS>NNP</POS>
          </token>
          <token id="6">
            <word>,</word>
            <lemma>,</lemma>
            <CharacterOffsetBegin>1484</CharacterOffsetBegin>
            <CharacterOffsetEnd>1485</CharacterOffsetEnd>
            <POS>,</POS>
          </token>
          <token id="7">
            <word>suggested</word>
            <lemma>suggest</lemma>
            <CharacterOffsetBegin>1486</CharacterOffsetBegin>
            <CharacterOffsetEnd>1495</CharacterOffsetEnd>
            <POS>VBD</POS>
          </token>
          <token id="8">
            <word>including</word>
            <lemma>include</lemma>
            <CharacterOffsetBegin>1496</CharacterOffsetBegin>
            <CharacterOffsetEnd>1505</CharacterOffsetEnd>
            <POS>VBG</POS>
          </token>
          <token id="9">
            <word>a</word>
            <lemma>a</lemma>
            <CharacterOffsetBegin>1506</CharacterOffsetBegin>
            <CharacterOffsetEnd>1507</CharacterOffsetEnd>
            <POS>DT</POS>
          </token>
          <token id="10">
            <word>question</word>
            <lemma>question</lemma>
            <CharacterOffsetBegin>1508</CharacterOffsetBegin>
            <CharacterOffsetEnd>1516</CharacterOffsetEnd>
            <POS>NN</POS>
          </token>
          <token id="11">
            <word>on</word>
            <lemma>on</lemma>
            <CharacterOffsetBegin>1517</CharacterOffsetBegin>
            <CharacterOffsetEnd>1519</CharacterOffsetEnd>
            <POS>IN</POS>
          </token>
          <token id="12">
            <word>the</word>
            <lemma>the</lemma>
            <CharacterOffsetBegin>1520</CharacterOffsetBegin>
            <CharacterOffsetEnd>1523</CharacterOffsetEnd>
            <POS>DT</POS>
          </token>
          <token id="13">
            <word>Census</word>
            <lemma>Census</lemma>
            <CharacterOffsetBegin>1524</CharacterOffsetBegin>
            <CharacterOffsetEnd>1530</CharacterOffsetEnd>
            <POS>NNP</POS>
          </token>
          <token id="14">
            <word>form</word>
            <lemma>form</lemma>
            <CharacterOffsetBegin>1531</CharacterOffsetBegin>
            <CharacterOffsetEnd>1535</CharacterOffsetEnd>
            <POS>NN</POS>
          </token>
          <token id="15">
            <word>asking</word>
            <lemma>ask</lemma>
            <CharacterOffsetBegin>1536</CharacterOffsetBegin>
            <CharacterOffsetEnd>1542</CharacterOffsetEnd>
            <POS>VBG</POS>
          </token>
          <token id="16">
            <word>whether</word>
            <lemma>whether</lemma>
            <CharacterOffsetBegin>1543</CharacterOffsetBegin>
            <CharacterOffsetEnd>1550</CharacterOffsetEnd>
            <POS>IN</POS>
          </token>
          <token id="17">
            <word>respondents</word>
            <lemma>respondent</lemma>
            <CharacterOffsetBegin>1551</CharacterOffsetBegin>
            <CharacterOffsetEnd>1562</CharacterOffsetEnd>
            <POS>NNS</POS>
          </token>
          <token id="18">
            <word>are</word>
            <lemma>be</lemma>
            <CharacterOffsetBegin>1563</CharacterOffsetBegin>
            <CharacterOffsetEnd>1566</CharacterOffsetEnd>
            <POS>VBP</POS>
          </token>
          <token id="19">
            <word>U.S.</word>
            <lemma>U.S.</lemma>
            <CharacterOffsetBegin>1567</CharacterOffsetBegin>
            <CharacterOffsetEnd>1571</CharacterOffsetEnd>
            <POS>NNP</POS>
          </token>
          <token id="20">
            <word>citizerns</word>
            <lemma>citizern</lemma>
            <CharacterOffsetBegin>1572</CharacterOffsetBegin>
            <CharacterOffsetEnd>1581</CharacterOffsetEnd>
            <POS>NNS</POS>
          </token>
          <token id="21">
            <word>.</word>
            <lemma>.</lemma>
            <CharacterOffsetBegin>1581</CharacterOffsetBegin>
            <CharacterOffsetEnd>1582</CharacterOffsetEnd>
            <POS>.</POS>
          </token>
        </tokens>
      </sentence>
    </sentences>
  </document>
</root>
